pdbcode,-log[Ki or Kd or IC50],dataset,binding constant type,data sign
4n6h,9.28,refined,Kd,=
3ovn,2.55,refined,Kd,=
2xbp,5.02,refined,Kd,=
1nny,7.66,refined,Ki,=
4gih,8.32,refined,Ki,=
1ppl,8.55,refined,Ki,=
3gy2,5.74,refined,Kd,=
3bxh,4.03,refined,Kd,=
2baj,8.40,refined,Kd,=
1px4,3.23,refined,Ki,=
4cwf,4.49,refined,Ki,=
2ewb,6.10,refined,Ki,=
4qsu,2.00,refined,Kd,=
3acx,5.70,refined,Ki,=
2z94,5.85,refined,Ki,=
2vk6,5.30,refined,Ki,=
3b5r,8.77,refined,Ki,=
3lcv,4.74,refined,Kd,=
3arx,5.33,refined,Kd,=
3iog,5.52,refined,Ki,=
3ryy,7.42,refined,Kd,=
1n8v,6.03,refined,Kd,=
2bvd,6.00,refined,Ki,=
5c2a,8.32,refined,Ki,=
4q8y,2.64,refined,Ki,=
3bv9,5.36,refined,Ki,=
4pb2,4.80,refined,Kd,=
3c84,7.85,refined,Kd,=
2p4s,9.51,refined,Ki,=
4q4s,6.95,refined,Kd,=
6rnt,2.37,refined,Kd,=
1fh9,6.43,refined,Ki,=
1u1w,5.85,refined,Kd,=
4q9y,5.68,refined,Ki,=
3nex,6.00,refined,Kd,=
3ocp,7.57,refined,Kd,=
3ryv,7.07,refined,Kd,=
3qfz,3.24,refined,Ki,=
3ary,6.00,refined,Kd,=
4i74,6.72,refined,Ki,=
3p4v,5.10,refined,Ki,=
4ua8,6.26,refined,Kd,=
4igt,7.89,refined,Kd,=
3ejp,8.55,refined,Ki,=
3qaa,11.54,refined,Ki,=
2yme,7.66,refined,Kd,=
4ieh,7.85,refined,Kd,=
3ga5,5.49,refined,Kd,=
4cd1,4.89,refined,Ki,=
4cg8,6.96,refined,Kd,=
2pvk,8.30,refined,Ki,=
2vo4,4.94,refined,Kd,=
4avj,7.44,refined,Kd,=
1sqo,7.46,refined,Ki,=
1gj6,7.00,refined,Ki,=
2xxt,8.05,refined,Kd,=
2wyj,9.00,refined,Ki,=
3vf7,9.10,refined,Ki,=
4km0,6.04,refined,Kd,=
3tz0,5.04,refined,Kd,=
1a28,8.29,refined,Ki,=
4rak,7.85,refined,Ki,=
3ps1,10.17,refined,Ki,=
3p9l,5.30,refined,Kd,=
1ydr,5.52,refined,Ki,=
4y79,7.96,refined,Ki,=
3u93,6.31,refined,Ki,=
1l6m,8.10,refined,Kd,=
4cwt,6.75,refined,Ki,=
2aj8,6.20,refined,Ki,=
6cpa,11.52,refined,Ki,=
4qew,7.07,refined,Kd,=
1qb1,6.77,refined,Ki,=
4fm7,7.24,refined,Kd,=
4n9c,3.90,refined,Kd,=
3ikd,6.75,refined,Ki,=
1mrs,3.96,refined,Ki,=
3qwc,4.26,refined,Ki,=
3e5u,5.85,refined,Kd,=
3vhd,9.28,refined,Kd,=
1uwt,5.97,refined,Ki,=
1gyy,3.64,refined,Ki,=
4k5p,3.46,refined,Ki,=
3nsn,7.19,refined,Ki,=
1fcx,7.19,refined,Kd,=
3ivx,5.74,refined,Kd,=
1tsy,4.96,refined,Kd,=
3cyw,7.77,refined,Ki,=
1cbx,6.35,refined,Ki,=
3bgz,6.26,refined,Ki,=
1b6h,7.82,refined,Kd,=
4r0a,4.26,refined,Kd,=
3r4m,5.92,refined,Ki,=
3own,7.47,refined,Ki,=
2w8j,2.96,refined,Kd,=
4y8x,8.43,refined,Ki,=
1fzj,8.10,refined,Kd,=
4cr5,4.15,refined,Ki,=
4dbm,7.62,refined,Kd,=
3ekp,8.89,refined,Kd,=
1gx8,6.37,refined,Kd,=
4elh,8.09,refined,Ki,=
4ruy,7.89,refined,Ki,=
2j7b,6.62,refined,Kd,=
1tng,2.93,refined,Ki,=
3aru,3.22,refined,Kd,=
4ts1,4.94,refined,Kd,=
3wmc,6.51,refined,Ki,=
2vh0,8.51,refined,Ki,=
3dnt,4.74,refined,Kd,=
1kpm,5.80,refined,Ki,=
3ccw,7.87,refined,Kd,=
3g2l,3.87,refined,Ki,=
4epy,3.47,refined,Kd,=
3bl0,6.92,refined,Ki,=
1zog,7.15,refined,Ki,=
4tz2,3.46,refined,Kd,=
4bj8,8.29,refined,Kd,=
2ce9,6.03,refined,Kd,=
1gi4,7.19,refined,Ki,=
3nee,5.34,refined,Kd,=
4ygf,7.68,refined,Ki,=
4exs,4.41,refined,Ki,=
3n9s,5.26,refined,Kd,=
3g34,2.96,refined,Ki,=
3rf4,6.25,refined,Ki,=
3nu4,8.82,refined,Ki,=
4gzx,3.19,refined,Kd,=
3kek,8.36,refined,Ki,=
2al5,8.40,refined,Ki,=
3d0e,8.40,refined,Ki,=
2ctc,3.89,refined,Ki,=
2v3u,3.00,refined,Kd,=
4er2,9.30,refined,Ki,=
2h6t,7.22,refined,Ki,=
1uou,7.70,refined,Ki,=
3rt8,6.35,refined,Ki,=
1bnt,9.80,refined,Kd,=
4qp2,3.03,refined,Kd,=
4in9,4.97,refined,Ki,=
3ml2,8.05,refined,Ki,=
4k7o,4.30,refined,Kd,=
3f5k,4.62,refined,Ki,=
3m35,7.22,refined,Ki,=
4b8y,8.05,refined,Kd,=
4kiu,3.85,refined,Ki,=
4tt2,4.66,refined,Kd,=
2w7y,6.08,refined,Kd,=
5bwc,7.21,refined,Ki,=
4j46,5.28,refined,Ki,=
4kwf,4.82,refined,Ki,=
4tkb,5.59,refined,Kd,=
1g98,5.70,refined,Ki,=
5e13,4.24,refined,Ki,=
3hmo,7.52,refined,Kd,=
3hkn,5.35,refined,Ki,=
4gah,6.10,refined,Kd,=
4llx,2.89,refined,Ki,=
4hy1,8.70,refined,Ki,=
2byr,8.55,refined,Kd,=
4few,5.21,refined,Ki,=
2j7e,7.32,refined,Kd,=
4i3z,4.29,refined,Kd,=
3re4,7.40,refined,Kd,=
3up2,7.40,refined,Kd,=
1koj,6.70,refined,Ki,=
4l50,6.06,refined,Kd,=
4ewn,6.70,refined,Kd,=
1atr,6.96,refined,Kd,=
187l,3.37,refined,Kd,=
1q72,6.85,refined,Kd,=
4q46,3.77,refined,Kd,=
4zj4,8.10,refined,Ki,=
2weq,5.90,refined,Kd,=
3nkk,4.70,refined,Kd,=
3cd5,7.90,refined,Kd,=
4b5d,7.89,refined,Ki,=
5er2,6.57,refined,Ki,=
4fai,6.99,refined,Ki,=
3gk1,4.10,refined,Kd,=
1b0h,6.70,refined,Kd,=
4gu6,7.36,refined,Kd,=
4djq,10.32,refined,Ki,=
3efs,5.34,refined,Kd,=
3dc3,8.31,refined,Ki,=
3zln,8.47,refined,Kd,=
3lpp,6.22,refined,Ki,=
4mmp,7.71,refined,Kd,=
1y0l,9.00,refined,Kd,=
4fl1,3.28,refined,Kd,=
4og4,6.02,refined,Kd,=
4cwr,8.30,refined,Ki,=
2xdk,3.60,refined,Kd,=
5acy,8.19,refined,Kd,=
2xb7,9.19,refined,Ki,=
2qtt,4.32,refined,Ki,=
2i3i,7.30,refined,Ki,=
3hfb,7.52,refined,Ki,=
1kuk,3.91,refined,Ki,=
4jz1,6.70,refined,Ki,=
1jaq,4.48,refined,Ki,=
1hee,5.34,refined,Ki,=
4emr,7.49,refined,Kd,=
3zcl,8.00,refined,Ki,=
4xtz,9.82,refined,Kd,=
3fv3,9.52,refined,Ki,=
2vh6,9.70,refined,Ki,=
4kz7,2.49,refined,Ki,=
3d1z,8.80,refined,Ki,=
1hvs,10.30,refined,Ki,=
3qx5,4.20,refined,Ki,=
1f73,2.39,refined,Ki,=
2c80,5.33,refined,Kd,=
4fp1,4.57,refined,Ki,=
3u7l,7.28,refined,Ki,=
3dri,4.42,refined,Kd,=
1gfy,5.08,refined,Ki,=
3fuc,9.72,refined,Kd,=
4av4,7.03,refined,Kd,=
2pk5,10.70,refined,Kd,=
3w9k,6.32,refined,Kd,=
1c5x,6.68,refined,Ki,=
1mu6,8.38,refined,Ki,=
3gjw,8.30,refined,Ki,=
3guz,4.38,refined,Kd,=
3h1x,5.89,refined,Kd,=
4lko,8.22,refined,Ki,=
4pow,6.30,refined,Kd,=
1m48,5.09,refined,Kd,=
2qnq,6.11,refined,Ki,=
3bvb,5.49,refined,Kd,=
4ayu,4.73,refined,Kd,=
1o2h,7.17,refined,Ki,=
1f4g,6.48,refined,Ki,=
4isu,3.68,refined,Ki,=
4o2b,5.74,refined,Ki,=
3gc4,7.60,refined,Ki,=
4trc,4.52,refined,Kd,=
4ea2,6.44,refined,Ki,=
3wtm,7.00,refined,Kd,=
1w9v,6.34,refined,Kd,=
1d9i,9.11,refined,Ki,=
2o4z,6.25,refined,Ki,=
2wqp,5.51,refined,Ki,=
1wm1,6.30,refined,Ki,=
3ucj,6.00,refined,Ki,=
1bzc,4.92,refined,Ki,=
4a6b,8.38,refined,Ki,=
1uho,9.22,refined,Kd,=
4r59,7.96,refined,Ki,=
2vwm,7.03,refined,Ki,=
1s89,5.24,refined,Ki,=
1ikt,3.40,refined,Kd,=
2nnd,6.06,refined,Kd,=
4kni,7.78,refined,Kd,=
3t1m,3.04,refined,Kd,=
4uoh,4.77,refined,Kd,=
5c5t,3.13,refined,Kd,=
3fvk,8.82,refined,Ki,=
1nu3,4.00,refined,Ki,=
4w52,3.76,refined,Kd,=
4p3h,6.00,refined,Kd,=
4zl4,7.86,refined,Kd,=
3jzh,3.40,refined,Kd,=
1h1d,8.22,refined,Ki,=
5fl5,8.19,refined,Ki,=
3i5z,8.70,refined,Ki,=
3pgl,5.30,refined,Ki,=
4ejl,5.14,refined,Kd,=
2nn7,6.52,refined,Kd,=
2wuf,4.29,refined,Kd,=
1grp,3.72,refined,Ki,=
4bb9,6.00,refined,Kd,=
3ioe,3.27,refined,Kd,=
3vhk,4.60,refined,Ki,=
2i6b,7.17,refined,Kd,=
5am7,7.19,refined,Kd,=
2hzl,6.57,refined,Kd,=
3d6p,3.75,refined,Ki,=
3ekx,9.41,refined,Kd,=
1utn,3.49,refined,Kd,=
4ouj,2.86,refined,Kd,=
3a1e,2.66,refined,Kd,=
3zqe,4.23,refined,Kd,=
2wej,6.08,refined,Kd,=
3zxz,8.40,refined,Ki,=
4urz,2.52,refined,Kd,=
1oar,7.40,refined,Kd,=
1i9q,8.41,refined,Kd,=
2wvz,4.02,refined,Ki,=
2wzf,7.00,refined,Kd,=
1kv1,5.94,refined,Kd,=
4avh,7.23,refined,Kd,=
1b7h,8.02,refined,Kd,=
4yhq,8.77,refined,Ki,=
2p16,10.10,refined,Ki,=
4b7j,7.95,refined,Ki,=
4ufj,4.28,refined,Ki,=
3p8p,4.55,refined,Kd,=
4hw3,6.49,refined,Ki,=
1g46,8.80,refined,Kd,=
3lc3,5.23,refined,Ki,=
4u5n,2.48,refined,Kd,=
3s45,8.49,refined,Ki,=
4pfu,6.17,refined,Kd,=
1w3j,6.32,refined,Kd,=
3ppm,9.54,refined,Ki,=
4ase,11.00,refined,Ki,=
1h5v,3.93,refined,Ki,=
1rjk,10.00,refined,Ki,=
3ryx,8.14,refined,Kd,=
5cas,8.85,refined,Ki,=
1uj6,3.05,refined,Ki,=
2pqc,5.74,refined,Kd,=
3wtj,6.53,refined,Kd,=
4nbl,6.33,refined,Kd,=
1odi,4.21,refined,Kd,=
1m7y,10.96,refined,Kd,=
2i4d,11.68,refined,Ki,=
4cpt,7.70,refined,Ki,=
3zns,7.41,refined,Ki,=
3adv,3.03,refined,Kd,=
1fh8,6.89,refined,Ki,=
5bs4,11.00,refined,Kd,=
2pu1,5.85,refined,Ki,=
3ozs,5.33,refined,Ki,=
3hl8,4.49,refined,Ki,=
1b52,7.12,refined,Kd,=
4u4x,5.01,refined,Kd,=
2xmy,9.96,refined,Ki,=
2w47,4.98,refined,Kd,=
2vj8,8.70,refined,Ki,=
5aba,2.98,refined,Kd,=
3u7k,7.07,refined,Ki,=
2sim,3.42,refined,Ki,=
4u6z,5.41,refined,Ki,=
2cbu,5.68,refined,Kd,=
2vw2,3.30,refined,Ki,=
3b24,4.38,refined,Kd,=
3cdb,7.02,refined,Kd,=
4kwg,6.00,refined,Ki,=
3ctt,6.35,refined,Ki,=
4cu8,4.47,refined,Ki,=
4fl2,3.66,refined,Kd,=
3gdt,7.19,refined,Ki,=
4kao,6.11,refined,Kd,=
1str,4.77,refined,Kd,=
4ovg,3.69,refined,Ki,=
4acc,7.70,refined,Ki,=
1tok,2.47,refined,Kd,=
3kmy,4.49,refined,Kd,=
3tmk,6.87,refined,Kd,=
3gm0,7.77,refined,Kd,=
4ww8,10.17,refined,Kd,=
3hvh,8.52,refined,Ki,=
1kzn,8.92,refined,Kd,=
1d4l,8.77,refined,Ki,=
3ljg,7.73,refined,Ki,=
1q1g,8.57,refined,Kd,=
184l,4.72,refined,Kd,=
2aqu,9.32,refined,Ki,=
2e91,6.59,refined,Ki,=
3tt4,8.28,refined,Ki,=
2vwo,7.51,refined,Ki,=
5alb,10.71,refined,Kd,=
2wzm,5.22,refined,Ki,=
3tsk,7.17,refined,Kd,=
4ghi,7.09,refined,Kd,=
2oi0,7.55,refined,Ki,=
4dkq,6.60,refined,Kd,=
1kv5,4.22,refined,Ki,=
4hdb,8.05,refined,Ki,=
3o9a,10.70,refined,Ki,=
1hbv,6.37,refined,Ki,=
4tu4,3.76,refined,Kd,=
3uz5,7.22,refined,Ki,=
1t31,8.64,refined,Ki,=
3v2q,6.29,refined,Kd,=
4e4n,9.05,refined,Ki,=
1qbo,7.74,refined,Ki,=
2e5y,5.85,refined,Kd,=
4dff,7.46,refined,Ki,=
4a95,5.76,refined,Ki,=
4loi,6.77,refined,Kd,=
4kwo,6.45,refined,Ki,=
4w9i,5.96,refined,Kd,=
2wjg,7.10,refined,Kd,=
1eld,6.70,refined,Ki,=
3n76,6.85,refined,Ki,=
3t84,6.97,refined,Ki,=
4jv6,6.66,refined,Kd,=
3old,5.90,refined,Ki,=
3rtf,7.35,refined,Ki,=
1k6v,6.92,refined,Kd,=
3g2h,3.82,refined,Ki,=
4zx1,6.14,refined,Ki,=
2pou,7.42,refined,Ki,=
4cig,3.67,refined,Kd,=
2boh,8.52,refined,Ki,=
2ate,7.07,refined,Kd,=
4kp8,5.48,refined,Kd,=
3g3r,6.48,refined,Kd,=
3kjd,8.54,refined,Kd,=
2g72,6.50,refined,Ki,=
4rd0,6.62,refined,Kd,=
1e2l,4.29,refined,Ki,=
1qxl,7.96,refined,Ki,=
1sb1,6.89,refined,Ki,=
4omc,10.78,refined,Ki,=
3k5x,6.41,refined,Ki,=
2o4n,7.82,refined,Kd,=
4n5d,3.22,refined,Kd,=
3vd9,4.00,refined,Ki,=
1mmr,5.40,refined,Ki,=
2r2w,4.47,refined,Ki,=
2hnc,7.22,refined,Ki,=
3f7h,7.09,refined,Ki,=
3b67,8.85,refined,Ki,=
3wgg,4.40,refined,Kd,=
1b8y,7.85,refined,Ki,=
3ny3,4.71,refined,Kd,=
4q1y,10.35,refined,Ki,=
4oc0,6.50,refined,Ki,=
4cd5,6.71,refined,Ki,=
4z6h,6.21,refined,Kd,=
3qtv,4.65,refined,Ki,=
3u90,4.62,refined,Kd,=
2pgz,5.74,refined,Kd,=
4ra1,5.94,refined,Kd,=
3m1k,5.39,refined,Ki,=
2xd9,6.46,refined,Ki,=
1xge,4.68,refined,Kd,=
3nes,5.62,refined,Kd,=
2q63,7.18,refined,Kd,=
3lq2,5.22,refined,Kd,=
3b65,9.27,refined,Ki,=
1j17,5.22,refined,Ki,=
4ibb,3.57,refined,Kd,=
3njq,4.89,refined,Kd,=
3lbz,3.86,refined,Kd,=
4pop,8.13,refined,Kd,=
3f8c,7.68,refined,Kd,=
2f34,6.89,refined,Kd,=
4pv5,6.54,refined,Ki,=
1pkx,6.92,refined,Ki,=
1g4j,8.70,refined,Kd,=
2e94,8.00,refined,Ki,=
3iob,3.42,refined,Kd,=
4ngp,7.96,refined,Ki,=
2yxj,9.30,refined,Ki,=
1pa9,4.60,refined,Ki,=
1b05,7.12,refined,Kd,=
4rfd,8.05,refined,Ki,=
2pvl,7.62,refined,Ki,=
2vwl,7.02,refined,Ki,=
3fjz,4.05,refined,Ki,=
3p2e,6.22,refined,Kd,=
3mho,6.49,refined,Kd,=
3tif,5.38,refined,Kd,=
1okl,6.03,refined,Kd,=
4qlk,3.24,refined,Ki,=
2hah,8.00,refined,Ki,=
1ugx,5.91,refined,Kd,=
1utj,3.84,refined,Kd,=
1jeu,6.82,refined,Kd,=
1pxp,6.66,refined,Ki,=
4b6s,6.01,refined,Ki,=
3s0e,6.55,refined,Kd,=
4dst,2.96,refined,Kd,=
2wq5,3.74,refined,Kd,=
4der,6.31,refined,Kd,=
2gyi,7.00,refined,Ki,<=
1d4p,6.30,refined,Kd,=
2weo,6.93,refined,Kd,=
4io3,6.06,refined,Kd,=
4v24,8.37,refined,Ki,=
3czv,7.80,refined,Ki,=
1k9s,6.52,refined,Ki,=
2y82,8.40,refined,Ki,=
3ibu,9.15,refined,Ki,=
4yha,6.65,refined,Ki,=
1bxo,10.00,refined,Ki,=
2qwd,4.85,refined,Ki,=
4rqv,5.05,refined,Kd,=
1f57,5.64,refined,Ki,=
3prs,7.82,refined,Ki,=
3pd8,6.46,refined,Ki,=
1n3i,8.89,refined,Ki,=
3zm9,7.42,refined,Kd,=
3d78,7.64,refined,Kd,=
1bju,4.80,refined,Ki,=
3qbc,4.97,refined,Kd,=
4twp,10.00,refined,Ki,=
3p8n,9.28,refined,Ki,=
3k1j,6.40,refined,Kd,=
5aut,5.17,refined,Kd,=
2glp,5.01,refined,Ki,=
3vfa,9.19,refined,Ki,=
4kzu,6.50,refined,Ki,=
3c4h,5.70,refined,Kd,=
4cmo,9.07,refined,Ki,=
4gql,9.59,refined,Ki,=
2cer,9.22,refined,Ki,<=
4nra,4.19,refined,Kd,=
4qf9,4.43,refined,Ki,=
3e5a,8.23,refined,Ki,=
2r9x,4.85,refined,Ki,=
2qrh,4.71,refined,Ki,=
4kx8,7.13,refined,Ki,=
4dzy,5.62,refined,Kd,=
3ebh,6.32,refined,Ki,=
1nfu,7.74,refined,Ki,=
3i51,7.70,refined,Ki,=
2xj2,7.18,refined,Kd,=
3d91,9.15,refined,Ki,=
3e3c,5.62,refined,Kd,=
1g45,8.64,refined,Kd,=
1cps,6.66,refined,Ki,=
3fwv,5.64,refined,Kd,=
2uy5,5.49,refined,Ki,=
3fvl,6.07,refined,Ki,=
3lpi,8.52,refined,Ki,=
5btx,3.55,refined,Kd,=
2xyd,6.82,refined,Ki,=
1sgu,5.37,refined,Ki,=
3rm9,4.77,refined,Kd,=
4bs0,5.70,refined,Ki,=
2csn,4.41,refined,Ki,=
1odj,4.10,refined,Kd,=
2bys,9.52,refined,Kd,=
3dx2,6.82,refined,Ki,=
4jym,5.04,refined,Kd,=
3q2j,4.18,refined,Ki,=
1yet,5.92,refined,Kd,=
4pp5,7.74,refined,Kd,=
2q89,6.30,refined,Kd,=
2q6f,5.44,refined,Ki,=
3qw5,6.45,refined,Ki,=
1rmz,8.00,refined,Kd,=
4e1k,6.30,refined,Kd,=
4b76,4.54,refined,Kd,=
4owm,2.96,refined,Ki,=
3s9e,5.13,refined,Ki,=
4qrh,5.15,refined,Ki,=
1ugp,2.89,refined,Ki,=
2iko,5.45,refined,Kd,=
4i8n,4.46,refined,Ki,=
4bcm,6.91,refined,Ki,=
3hvk,8.52,refined,Ki,=
3ekr,7.52,refined,Ki,=
3r24,5.25,refined,Kd,=
1atl,6.28,refined,Ki,=
3i6o,10.35,refined,Ki,=
4q81,3.02,refined,Ki,=
3bex,5.57,refined,Kd,=
3ta0,3.47,refined,Kd,=
2fqy,6.57,refined,Kd,=
4ibd,3.67,refined,Kd,=
1li6,3.80,refined,Kd,=
4k0y,7.82,refined,Ki,=
2nmx,5.57,refined,Kd,=
2pyi,3.75,refined,Ki,=
4z0q,8.17,refined,Ki,=
4fcf,8.62,refined,Ki,=
2vuk,3.90,refined,Kd,=
1ceb,6.00,refined,Kd,=
1nhu,5.66,refined,Ki,=
4pg9,7.80,refined,Kd,=
4q7s,4.42,refined,Ki,=
4bah,8.70,refined,Ki,=
2jh5,6.44,refined,Ki,=
1pfu,2.72,refined,Kd,=
4w9c,4.65,refined,Kd,=
3ppr,2.82,refined,Kd,=
2ca8,4.66,refined,Kd,=
3ppq,4.55,refined,Kd,=
3oy8,3.66,refined,Kd,=
4lkk,5.92,refined,Kd,=
3d9z,8.70,refined,Ki,=
3qyy,5.08,refined,Kd,=
4msc,5.96,refined,Ki,=
1xk5,6.00,refined,Kd,=
2ojg,5.64,refined,Ki,=
2f35,5.40,refined,Kd,=
1e1v,4.92,refined,Ki,=
1r1j,8.64,refined,Ki,=
3t2q,3.66,refined,Ki,=
3zyu,7.00,refined,Kd,=
4pf5,5.48,refined,Kd,=
3buh,3.66,refined,Kd,=
4x50,7.75,refined,Kd,=
4q3t,6.48,refined,Kd,=
4a7i,8.70,refined,Ki,=
3n7o,7.14,refined,Ki,=
3m36,9.82,refined,Ki,=
3mtw,7.04,refined,Ki,=
1hyo,4.07,refined,Ki,=
4abg,3.57,refined,Kd,=
1bn3,9.89,refined,Kd,=
1ec0,8.49,refined,Ki,=
3cyz,7.22,refined,Kd,=
4ipi,5.32,refined,Kd,=
3aho,7.05,refined,Ki,=
1izh,7.70,refined,Ki,=
2zx8,9.64,refined,Ki,=
1e2k,4.94,refined,Ki,=
4elg,8.16,refined,Ki,=
3oil,5.68,refined,Ki,=
3t08,3.04,refined,Ki,=
2p7a,6.10,refined,Kd,=
4ks1,8.82,refined,Ki,=
3c52,7.30,refined,Ki,=
4lm1,3.23,refined,Ki,=
4qgi,3.90,refined,Ki,=
1msn,9.09,refined,Kd,=
4b6o,7.00,refined,Ki,=
4g4p,6.89,refined,Kd,=
4ykj,4.43,refined,Ki,=
2ygf,5.09,refined,Kd,=
2yix,8.48,refined,Kd,=
3aqt,6.72,refined,Kd,=
3b7u,7.74,refined,Ki,=
4ipj,4.87,refined,Kd,=
3zsy,3.23,refined,Kd,=
1k4g,5.85,refined,Ki,=
2wer,7.05,refined,Kd,=
3dp9,9.68,refined,Kd,=
2dri,6.89,refined,Kd,=
2std,9.85,refined,Ki,=
2qw1,3.90,refined,Ki,=
1nje,3.80,refined,Kd,=
1t32,7.42,refined,Ki,=
3d7k,4.60,refined,Kd,=
4x6i,8.00,refined,Ki,=
3sxf,8.60,refined,Ki,=
4de0,5.89,refined,Ki,=
2zz1,4.54,refined,Ki,=
3u81,4.44,refined,Ki,=
4efs,8.60,refined,Ki,=
2vfk,3.71,refined,Kd,=
1y20,5.32,refined,Ki,=
1rnm,3.07,refined,Ki,=
5dwr,11.22,refined,Ki,=
4ih7,5.24,refined,Kd,=
2r0h,3.51,refined,Kd,=
3sio,8.00,refined,Ki,=
4mrz,3.52,refined,Ki,=
1yc4,6.55,refined,Kd,=
2c3l,5.07,refined,Ki,=
1o5g,4.96,refined,Ki,=
2q7y,4.30,refined,Kd,=
3wtl,7.04,refined,Kd,=
3mv0,3.85,refined,Ki,=
3b7j,5.17,refined,Ki,=
4xt2,7.15,refined,Kd,=
1o2n,6.09,refined,Ki,=
4hfp,7.38,refined,Kd,=
3s0d,7.05,refined,Kd,=
3hkw,8.64,refined,Kd,=
4deu,5.64,refined,Kd,=
1nw7,5.09,refined,Kd,=
4lyw,6.63,refined,Kd,=
1bma,4.59,refined,Ki,=
1d2e,6.00,refined,Kd,=
3p5l,7.39,refined,Ki,=
3eb1,4.79,refined,Ki,=
3k8q,11.28,refined,Kd,=
1fhd,6.82,refined,Ki,=
1li3,4.25,refined,Kd,=
1b3g,6.70,refined,Kd,=
3eko,6.70,refined,Ki,=
3ni5,7.55,refined,Ki,=
2f94,6.71,refined,Ki,=
4xiq,7.07,refined,Ki,=
4cp7,8.11,refined,Ki,=
3m8t,4.00,refined,Ki,=
3hzk,6.70,refined,Kd,=
3upk,4.30,refined,Kd,=
3a1s,4.83,refined,Kd,=
1jet,7.25,refined,Kd,=
2aoc,4.89,refined,Ki,=
1qb9,7.44,refined,Ki,=
1uz4,3.40,refined,Ki,=
4x6o,8.72,refined,Ki,=
1oyq,6.96,refined,Ki,=
1c5o,3.49,refined,Ki,=
1a1e,6.00,refined,Kd,=
3vfb,9.04,refined,Ki,=
4kxb,4.12,refined,Ki,=
4fxp,4.09,refined,Kd,=
2rin,4.00,refined,Kd,=
4q7p,4.32,refined,Ki,=
3tfp,6.47,refined,Ki,=
1h6h,5.30,refined,Kd,=
4iva,7.16,refined,Ki,=
1q54,5.85,refined,Ki,=
2gkl,5.35,refined,Ki,=
2pv1,7.14,refined,Kd,=
6std,8.64,refined,Ki,=
4c6u,4.59,refined,Kd,=
3nu3,9.82,refined,Ki,=
2rk8,3.64,refined,Ki,=
1wdn,6.30,refined,Kd,=
4jpx,5.15,refined,Kd,=
4qpd,7.82,refined,Kd,=
2uy4,4.68,refined,Ki,=
3hkq,5.34,refined,Ki,=
1o5r,8.12,refined,Ki,=
4oks,4.48,refined,Kd,=
4aba,3.82,refined,Kd,=
3oy0,8.00,refined,Ki,=
3l1n,5.63,refined,Kd,=
5aoj,4.68,refined,Kd,=
1f5l,5.28,refined,Ki,=
1ppk,7.66,refined,Ki,=
2evl,6.70,refined,Kd,=
4ad6,4.78,refined,Kd,=
3bf1,2.52,refined,Kd,=
3hx3,8.00,refined,Kd,=
3ouj,6.05,refined,Kd,=
1gaf,8.00,refined,Kd,=
2hhn,7.49,refined,Ki,=
1add,6.74,refined,Ki,=
1v2w,4.01,refined,Ki,=
4cd4,6.58,refined,Ki,=
3t85,7.95,refined,Ki,=
2vwc,6.62,refined,Kd,=
4bck,8.40,refined,Ki,=
1mfa,5.04,refined,Kd,=
3e6y,5.60,refined,Kd,=
3wz6,5.96,refined,Ki,=
2y81,8.70,refined,Ki,=
2x6x,3.68,refined,Kd,=
2vvu,8.10,refined,Ki,=
3n7h,4.50,refined,Kd,=
4zek,5.66,refined,Kd,=
3m8u,4.89,refined,Kd,=
3pwk,3.35,refined,Ki,=
3ta1,3.25,refined,Kd,=
1utm,3.01,refined,Kd,=
2rkf,9.08,refined,Ki,=
1ejn,5.62,refined,Ki,=
1lzq,8.39,refined,Ki,=
1hi5,4.04,refined,Ki,=
2zq0,6.82,refined,Ki,=
2gl0,4.82,refined,Kd,=
3iod,4.10,refined,Kd,=
2yi7,8.32,refined,Kd,=
3p9t,6.20,refined,Kd,=
1i00,6.34,refined,Ki,=
4hu1,7.54,refined,Kd,=
185l,3.54,refined,Kd,=
2vjx,4.96,refined,Ki,=
3s72,6.40,refined,Kd,=
3bzf,4.52,refined,Kd,=
1yds,5.92,refined,Ki,=
3dnd,4.80,refined,Ki,=
3rz0,7.55,refined,Kd,=
1hdq,5.82,refined,Ki,=
1lyx,4.54,refined,Ki,=
188l,3.33,refined,Kd,=
1ur9,5.77,refined,Ki,=
3hll,8.24,refined,Ki,=
2ra6,4.52,refined,Kd,=
3drf,7.00,refined,Kd,=
4ge1,6.43,refined,Kd,=
4jx9,8.62,refined,Kd,=
2fzg,3.38,refined,Ki,=
4bf1,8.62,refined,Ki,=
3vjc,7.72,refined,Kd,=
4elf,8.03,refined,Ki,=
2gsu,3.59,refined,Ki,=
5d1r,4.84,refined,Kd,=
3m3c,4.06,refined,Kd,=
1izi,6.59,refined,Ki,=
2qd8,9.07,refined,Ki,=
3su1,6.68,refined,Ki,=
3m3o,3.60,refined,Kd,=
4mc6,9.59,refined,Ki,=
4m3p,5.40,refined,Kd,=
2hmv,7.70,refined,Kd,=
2v2h,3.77,refined,Ki,=
4jpy,4.43,refined,Kd,=
4alx,7.28,refined,Ki,=
1c88,5.29,refined,Ki,=
1g7v,6.40,refined,Kd,=
3m3e,4.43,refined,Kd,=
4qjw,7.80,refined,Kd,=
1ghv,4.35,refined,Ki,=
4ymb,6.21,refined,Ki,=
3el4,7.17,refined,Kd,=
3pbb,7.02,refined,Ki,=
1pro,11.30,refined,Ki,=
3kqr,4.43,refined,Kd,=
3m40,6.77,refined,Kd,=
3cke,6.10,refined,Ki,=
3iub,4.54,refined,Kd,=
1c5n,4.70,refined,Ki,=
1ghy,8.10,refined,Ki,=
3mxe,10.01,refined,Ki,=
3gpo,5.30,refined,Kd,=
3gs6,6.59,refined,Ki,=
4pyy,7.23,refined,Kd,=
2ihq,8.49,refined,Ki,=
4fht,6.17,refined,Kd,=
5c3p,4.46,refined,Kd,=
3iw6,5.48,refined,Kd,=
3x00,9.08,refined,Kd,=
2qpu,3.60,refined,Kd,=
1yda,6.55,refined,Kd,=
4aq4,6.17,refined,Kd,=
1q7a,7.19,refined,Kd,=
4ezz,5.19,refined,Kd,=
1hmr,6.55,refined,Kd,=
2wc4,5.29,refined,Kd,=
4j3l,7.80,refined,Kd,=
4qgd,7.43,refined,Kd,=
2vw1,3.52,refined,Ki,=
4eor,6.30,refined,Ki,=
4uac,6.54,refined,Kd,=
1kyv,5.92,refined,Kd,=
5ceq,7.38,refined,Ki,=
1o3l,6.54,refined,Ki,=
2eg8,4.50,refined,Ki,=
3ozg,9.19,refined,Ki,=
3r6c,4.72,refined,Ki,=
3tfu,3.28,refined,Ki,=
3r7o,8.36,refined,Kd,=
2qg0,5.72,refined,Ki,=
4cjr,3.10,refined,Kd,=
4zei,5.88,refined,Kd,=
1m0o,2.31,refined,Ki,=
1tkb,8.00,refined,Ki,=
4bcn,7.92,refined,Ki,=
1dl7,6.49,refined,Kd,=
4ivc,10.00,refined,Ki,=
2oag,8.47,refined,Ki,=
1x8r,6.12,refined,Ki,=
3u8n,10.17,refined,Ki,=
1apv,9.00,refined,Ki,=
1pxo,8.70,refined,Ki,=
1g32,6.11,refined,Ki,=
1br6,3.22,refined,Ki,=
3l4x,6.89,refined,Ki,=
3sue,9.08,refined,Ki,=
4nxv,5.42,refined,Kd,=
2pqz,5.67,refined,Ki,=
3dx4,7.12,refined,Ki,=
2ves,7.70,refined,Ki,=
3ocz,7.46,refined,Ki,=
4hla,10.80,refined,Ki,=
2vc9,8.44,refined,Kd,=
3hcm,3.30,refined,Kd,=
1m0q,3.89,refined,Ki,=
1utl,2.47,refined,Kd,=
1ypj,7.02,refined,Ki,=
4wup,9.82,refined,Kd,=
3fat,7.64,refined,Kd,=
1f4f,4.62,refined,Ki,=
4ncn,5.67,refined,Kd,=
1xr9,7.15,refined,Kd,=
4owv,4.35,refined,Ki,=
2qrg,5.18,refined,Ki,=
3d2e,6.42,refined,Kd,=
4b3c,2.68,refined,Kd,=
3f70,4.85,refined,Kd,=
2qu6,8.52,refined,Ki,=
3sm2,9.70,refined,Ki,=
1m2x,4.15,refined,Ki,=
3t5u,7.59,refined,Ki,=
4o05,7.43,refined,Ki,=
3jzj,3.61,refined,Kd,=
1y1z,3.08,refined,Ki,=
2tpi,4.31,refined,Kd,=
4lkq,3.35,refined,Ki,=
3ggu,9.77,refined,Ki,=
3p7i,7.70,refined,Kd,=
3h30,4.53,refined,Ki,=
1o0h,5.92,refined,Ki,=
3u7m,7.45,refined,Ki,=
1njs,7.82,refined,Ki,=
1k6c,7.48,refined,Kd,=
4o6w,8.52,refined,Kd,=
4b5s,3.49,refined,Kd,=
2rd6,8.30,refined,Ki,=
1hn4,3.82,refined,Kd,=
4knm,8.00,refined,Kd,=
1rd4,7.74,refined,Kd,=
4re2,4.98,refined,Ki,=
3lp4,4.88,refined,Kd,=
1o3j,6.77,refined,Ki,=
4x5q,9.00,refined,Kd,=
4q6d,7.36,refined,Kd,=
1w5w,8.80,refined,Ki,=
4ck3,3.57,refined,Kd,=
3nuj,9.39,refined,Ki,=
2am4,3.72,refined,Ki,=
2i4j,6.16,refined,Kd,=
3uod,7.31,refined,Kd,=
4hbm,7.92,refined,Kd,=
3dx3,6.52,refined,Ki,=
5c1m,10.80,refined,Ki,=
4myd,4.55,refined,Kd,=
2nsl,4.68,refined,Kd,=
4a4q,9.40,refined,Ki,=
3gst,6.72,refined,Ki,=
3hk1,6.17,refined,Ki,=
3dsz,7.77,refined,Kd,=
2fqx,7.15,refined,Kd,=
2b7d,8.70,refined,Ki,=
2xde,5.47,refined,Kd,=
2yfa,5.07,refined,Kd,=
4lm4,3.04,refined,Ki,=
1ui0,7.06,refined,Ki,=
3o7u,7.28,refined,Ki,=
4u8w,11.24,refined,Ki,=
4b9k,6.17,refined,Ki,=
3nyd,3.48,refined,Ki,=
2ez7,4.36,refined,Kd,=
3t0b,4.30,refined,Ki,=
4ty7,9.52,refined,Ki,=
3c8a,6.18,refined,Ki,=
2xn3,5.92,refined,Kd,=
4p6c,4.00,refined,Ki,=
1e3g,9.00,refined,Kd,=
4i8w,10.90,refined,Ki,=
4omk,4.40,refined,Kd,=
3fzn,4.01,refined,Kd,=
3ryz,8.62,refined,Kd,=
3p58,7.60,refined,Ki,=
4az5,5.99,refined,Kd,=
3p3g,9.74,refined,Ki,=
4hzm,4.63,refined,Ki,=
2fw6,2.92,refined,Kd,=
1xap,8.70,refined,Kd,=
3rz5,7.89,refined,Kd,=
5efa,4.83,refined,Kd,=
1olu,4.41,refined,Kd,=
4nj9,6.97,refined,Kd,=
3qx8,2.86,refined,Kd,=
3b7r,7.70,refined,Ki,=
3pck,6.70,refined,Kd,=
4knj,7.95,refined,Kd,=
4gzt,7.77,refined,Ki,=
1wur,6.66,refined,Ki,=
4uye,8.02,refined,Kd,=
1mes,7.70,refined,Ki,=
3mdz,9.10,refined,Ki,=
4zzd,6.60,refined,Kd,=
1o2j,6.92,refined,Ki,=
1w13,8.70,refined,Ki,=
4iic,4.85,refined,Ki,=
2i4z,5.70,refined,Kd,=
3w37,5.18,refined,Ki,=
5boj,7.00,refined,Kd,=
1usn,7.74,refined,Ki,=
4asd,9.28,refined,Ki,=
3gcp,7.82,refined,Kd,=
4iif,5.18,refined,Ki,=
3f48,6.29,refined,Kd,=
4m2w,7.28,refined,Ki,=
4f9y,6.74,refined,Kd,=
3dd8,7.85,refined,Ki,=
1v11,3.98,refined,Kd,=
4rdn,5.92,refined,Kd,=
2o0u,5.49,refined,Ki,=
2qm9,7.77,refined,Kd,=
3nb5,7.74,refined,Ki,=
1jqy,4.92,refined,Ki,=
1h4w,4.66,refined,Ki,=
3buf,3.10,refined,Kd,=
1q84,11.05,refined,Ki,=
3h89,7.64,refined,Ki,=
4b2l,3.24,refined,Kd,=
2ypp,4.41,refined,Kd,=
1d4h,10.00,refined,Ki,=
3r5t,8.58,refined,Kd,=
2ceq,7.28,refined,Ki,=
4qxr,6.00,refined,Kd,=
3ao1,2.26,refined,Kd,=
2rio,4.69,refined,Kd,=
3acl,6.22,refined,Kd,=
3f5j,4.28,refined,Ki,=
1azm,6.10,refined,Ki,=
5yas,3.26,refined,Ki,=
1b1h,7.03,refined,Kd,=
3dln,6.60,refined,Ki,=
1vzq,7.44,refined,Ki,=
3ttm,8.52,refined,Kd,=
6upj,6.32,refined,Ki,=
1a8i,5.52,refined,Ki,=
4bks,3.82,refined,Kd,=
4a4v,6.54,refined,Kd,=
1toi,4.05,refined,Kd,=
4lm2,3.03,refined,Ki,=
1ydk,5.89,refined,Kd,=
4mpn,6.62,refined,Kd,=
4jsa,4.96,refined,Ki,=
4de5,3.15,refined,Kd,=
2e92,6.89,refined,Ki,=
4qfp,4.23,refined,Kd,=
2h4g,6.52,refined,Ki,=
3v4t,4.11,refined,Kd,=
4cs9,2.10,refined,Kd,=
2cf9,7.82,refined,Ki,=
2pwd,4.40,refined,Ki,=
2boj,5.77,refined,Kd,=
3obu,4.30,refined,Kd,=
5fl6,7.36,refined,Ki,=
1e1x,5.89,refined,Ki,=
3hkt,5.39,refined,Ki,=
4iid,5.62,refined,Ki,=
4ei4,8.74,refined,Ki,=
3sax,6.57,refined,Kd,=
1sv3,4.35,refined,Kd,=
3rux,9.28,refined,Kd,=
3egt,8.90,refined,Ki,=
7std,10.72,refined,Ki,=
3ff3,3.57,refined,Ki,=
4i7m,4.14,refined,Kd,=
3el5,7.72,refined,Kd,=
3daz,7.93,refined,Ki,=
3n1c,5.22,refined,Kd,=
1xgi,4.85,refined,Ki,=
3t64,6.70,refined,Ki,=
4pp3,7.82,refined,Kd,=
1ro7,3.18,refined,Ki,=
1nhz,6.08,refined,Ki,=
4ksy,8.42,refined,Kd,=
4qll,3.38,refined,Ki,=
3isj,3.68,refined,Kd,=
3ai8,3.81,refined,Ki,=
1ssq,6.00,refined,Ki,=
1j14,4.49,refined,Ki,=
2weh,5.95,refined,Kd,=
4btk,6.62,refined,Kd,=
3rdq,9.31,refined,Kd,=
1f3e,6.70,refined,Ki,=
2o4j,10.10,refined,Ki,=
2ya7,3.14,refined,Ki,=
1k1j,7.55,refined,Kd,=
4iie,2.34,refined,Ki,=
3zj6,6.66,refined,Ki,=
3p8z,6.09,refined,Ki,=
3vje,8.01,refined,Kd,=
4ehz,8.00,refined,Ki,=
4g8n,7.20,refined,Kd,=
4loy,8.09,refined,Ki,=
3ljo,6.62,refined,Kd,=
2j7g,7.00,refined,Kd,=
4crc,8.72,refined,Ki,=
3s76,5.05,refined,Kd,=
1w5v,8.15,refined,Ki,=
4avi,7.63,refined,Kd,=
1lhu,8.83,refined,Kd,=
4czs,5.00,refined,Kd,=
4i7j,3.32,refined,Kd,=
2iw4,9.30,refined,Kd,=
1p19,4.11,refined,Kd,=
4rj8,7.77,refined,Ki,=
4w9j,6.23,refined,Kd,=
2c97,6.14,refined,Kd,=
1rtf,3.04,refined,Ki,=
3el1,9.64,refined,Kd,=
4ap7,7.96,refined,Ki,=
4ufk,3.89,refined,Ki,=
4qac,9.40,refined,Kd,=
4pox,5.43,refined,Kd,=
1pvn,9.82,refined,Ki,=
1b5i,7.05,refined,Kd,=
4bqs,4.21,refined,Ki,=
2avs,7.57,refined,Ki,=
4qfl,5.11,refined,Kd,=
2bfq,6.89,refined,Kd,=
1stc,8.10,refined,Ki,=
4n6g,5.47,refined,Kd,=
4rrg,2.81,refined,Kd,=
2psu,7.62,refined,Ki,=
2cn0,7.66,refined,Ki,=
3ok9,11.23,refined,Ki,=
3eax,4.92,refined,Ki,=
4qb3,5.47,refined,Kd,=
2qry,8.64,refined,Kd,=
2qci,8.34,refined,Ki,=
4gr0,9.55,refined,Ki,=
4lhv,10.00,refined,Kd,=
3hek,8.27,refined,Ki,=
3da9,5.51,refined,Kd,=
5azf,4.44,refined,Kd,=
2xht,5.96,refined,Kd,=
3zdh,7.35,refined,Ki,=
2vk2,6.89,refined,Kd,=
1zc9,3.22,refined,Kd,=
3b4f,8.14,refined,Ki,=
4q4r,6.43,refined,Kd,=
1r9l,5.40,refined,Kd,=
4flp,6.72,refined,Kd,=
1f0u,7.16,refined,Ki,=
1j16,3.84,refined,Ki,=
3ppp,5.22,refined,Kd,=
1hvk,10.96,refined,Ki,=
4lar,4.68,refined,Kd,=
1vfn,5.60,refined,Ki,=
3str,8.40,refined,Ki,=
4gr8,7.83,refined,Ki,=
2fmb,8.70,refined,Ki,=
2bvr,3.70,refined,Ki,=
4k4j,6.12,refined,Kd,=
1x8j,6.96,refined,Ki,=
3l6h,5.40,refined,Kd,=
1lee,7.74,refined,Ki,=
1hms,6.37,refined,Kd,=
1lke,7.52,refined,Kd,=
2jjb,7.92,refined,Ki,=
5e2o,8.70,refined,Ki,=
4gkh,4.67,refined,Ki,=
4kz3,2.77,refined,Ki,=
1p57,4.40,refined,Ki,=
2o4s,10.51,refined,Kd,=
1o35,5.00,refined,Ki,=
3rv4,2.30,refined,Ki,=
1ndz,8.11,refined,Ki,=
4m8y,9.96,refined,Ki,=
3suv,4.55,refined,Ki,=
2j34,7.82,refined,Ki,=
1fkw,5.05,refined,Ki,=
1i2s,3.31,refined,Ki,=
3cj5,6.34,refined,Kd,=
4c2v,9.00,refined,Ki,=
1if8,9.64,refined,Kd,=
3fzy,6.74,refined,Kd,=
1owh,7.40,refined,Ki,=
1kui,3.77,refined,Ki,=
3djk,10.59,refined,Ki,=
4k55,5.51,refined,Kd,=
3o9p,6.52,refined,Kd,=
1qf0,7.38,refined,Ki,=
2cht,5.52,refined,Ki,=
4wop,4.76,refined,Kd,=
3qxv,8.40,refined,Kd,=
2ha6,4.32,refined,Kd,=
2ax9,9.52,refined,Ki,=
1wuq,8.27,refined,Ki,=
3t6b,6.36,refined,Kd,=
4l4v,5.78,refined,Kd,=
4mhz,6.87,refined,Ki,=
2p3a,7.96,refined,Ki,=
4yik,6.89,refined,Ki,=
2uwl,8.40,refined,Ki,=
3juo,5.07,refined,Kd,=
3sus,4.15,refined,Ki,=
4tkj,6.04,refined,Kd,=
3gt9,3.96,refined,Ki,=
3c56,7.89,refined,Ki,=
1zsf,9.92,refined,Ki,=
1x8t,7.80,refined,Ki,=
2reg,5.64,refined,Kd,=
4ibg,3.97,refined,Kd,=
3wqm,6.25,refined,Kd,=
3sha,5.59,refined,Ki,=
2qpq,6.37,refined,Kd,=
4ddh,3.30,refined,Kd,=
4aci,2.22,refined,Kd,=
2vt3,4.15,refined,Kd,=
4r75,7.24,refined,Kd,=
3k4q,5.34,refined,Ki,=
3hvi,8.30,refined,Ki,=
3ng4,5.43,refined,Kd,=
1pzp,3.31,refined,Ki,=
4cwp,6.77,refined,Ki,=
1fzq,7.62,refined,Kd,=
4qhc,6.70,refined,Ki,=
4rqk,5.82,refined,Kd,=
1i1e,5.03,refined,Kd,=
4u1b,5.31,refined,Ki,=
1g4o,8.25,refined,Kd,=
2f8g,8.70,refined,Ki,=
1nc3,5.00,refined,Ki,=
4k3h,6.85,refined,Kd,=
3ekv,9.41,refined,Kd,=
4yc9,8.89,refined,Kd,=
3t2w,7.46,refined,Kd,=
4knn,7.78,refined,Kd,=
1w9u,6.09,refined,Kd,=
4u71,5.22,refined,Ki,=
1c5z,4.01,refined,Ki,=
2j7h,7.19,refined,Kd,=
4el5,5.37,refined,Ki,=
1ax0,3.13,refined,Kd,=
3m37,9.04,refined,Ki,=
1o2z,6.11,refined,Ki,=
2vvv,8.22,refined,Ki,=
2vpe,4.94,refined,Kd,=
3ibi,8.59,refined,Ki,=
2r43,6.00,refined,Ki,=
4q1x,11.15,refined,Ki,=
1m83,3.40,refined,Kd,=
4rux,7.92,refined,Ki,=
1kug,3.80,refined,Ki,=
4ytc,7.89,refined,Ki,=
3t83,6.98,refined,Ki,=
1qbv,5.39,refined,Ki,=
1g2l,7.24,refined,Ki,=
2hmu,7.70,refined,Kd,=
2x4z,8.57,refined,Kd,=
4np9,5.03,refined,Kd,=
3jvr,5.72,refined,Ki,=
2nt7,6.52,refined,Ki,=
2j95,8.40,refined,Ki,=
3fed,7.46,refined,Ki,=
4del,7.68,refined,Kd,=
1iih,2.89,refined,Ki,=
2ot1,4.00,refined,Ki,=
4dq2,7.52,refined,Ki,=
4b34,3.14,refined,Kd,=
1m7i,5.40,refined,Kd,=
3wq5,3.85,refined,Ki,=
3f16,8.23,refined,Kd,=
1pr5,3.92,refined,Ki,=
4nkt,5.97,refined,Kd,=
2pqb,7.20,refined,Kd,=
2yhw,5.60,refined,Kd,=
3iss,6.05,refined,Ki,=
4jkw,4.16,refined,Kd,=
2zgx,6.74,refined,Ki,=
3ohi,4.85,refined,Ki,=
4pee,8.32,refined,Ki,=
2bok,6.55,refined,Ki,=
4h75,6.60,refined,Kd,=
3alt,2.92,refined,Kd,=
2x09,3.76,refined,Ki,=
2q55,8.69,refined,Ki,=
4gzp,7.84,refined,Ki,=
3mhm,7.00,refined,Kd,=
1h1s,8.22,refined,Ki,=
4b5t,3.33,refined,Kd,=
3jup,5.58,refined,Kd,=
4io7,3.68,refined,Kd,=
1m2r,6.46,refined,Ki,=
3ddf,4.66,refined,Ki,=
4fcq,7.00,refined,Kd,=
4u6w,4.21,refined,Ki,=
4b3d,2.68,refined,Kd,=
5bry,11.82,refined,Ki,=
4msn,4.03,refined,Ki,=
2hl4,7.64,refined,Ki,=
3suf,7.56,refined,Ki,=
3rz1,8.74,refined,Kd,=
4ara,6.05,refined,Kd,=
1e3v,4.34,refined,Kd,=
2qnp,6.41,refined,Ki,=
1nh0,9.74,refined,Ki,=
1y3x,5.14,refined,Ki,=
3igp,7.02,refined,Ki,=
3sjf,7.64,refined,Ki,=
2ovv,7.92,refined,Ki,=
4ibe,4.15,refined,Kd,=
2pvh,6.59,refined,Ki,=
1ew9,3.22,refined,Ki,=
3f3t,4.59,refined,Kd,=
1no6,4.41,refined,Ki,=
1d6w,5.96,refined,Ki,=
1drj,7.40,refined,Kd,=
3sym,4.57,refined,Ki,=
1tx7,4.60,refined,Ki,=
4e70,5.28,refined,Kd,=
4kyh,5.92,refined,Ki,=
1fkb,9.70,refined,Kd,=
1k6t,7.62,refined,Kd,=
2vrj,6.30,refined,Kd,=
2gz2,5.22,refined,Kd,=
1uv6,5.12,refined,Kd,=
2clh,4.06,refined,Kd,=
5c28,5.66,refined,Ki,=
4b6r,5.85,refined,Ki,=
3pcj,7.22,refined,Kd,=
1ydt,7.32,refined,Ki,=
1pyn,5.49,refined,Ki,=
4a6s,5.20,refined,Kd,=
4up5,2.60,refined,Kd,=
1fzo,7.89,refined,Kd,=
3vw2,4.75,refined,Kd,=
4ymg,4.68,refined,Kd,=
3ekt,10.59,refined,Kd,=
1v2s,4.17,refined,Ki,=
3u3u,6.88,refined,Kd,=
1c3e,6.59,refined,Ki,=
1n5r,5.66,refined,Ki,=
5aoi,3.03,refined,Kd,=
4abh,4.15,refined,Kd,=
4de3,5.52,refined,Ki,=
1ypg,8.00,refined,Ki,=
3tvc,7.74,refined,Ki,=
1hpx,11.26,refined,Ki,=
4w9o,7.77,refined,Ki,=
4nh7,8.40,refined,Ki,=
1thz,5.15,refined,Ki,=
3b3c,3.98,refined,Ki,=
4jfk,6.44,refined,Kd,=
1g9r,5.70,refined,Ki,=
1srg,5.30,refined,Kd,=
2p3b,8.48,refined,Ki,=
2nmz,8.37,refined,Ki,=
1lcp,6.64,refined,Ki,=
3m96,7.22,refined,Kd,=
3b5j,5.68,refined,Kd,=
3t1a,8.37,refined,Ki,=
1bv7,10.30,refined,Ki,=
3mhl,7.25,refined,Kd,=
3mhc,7.96,refined,Ki,=
3l7c,2.44,refined,Ki,=
3pju,4.88,refined,Kd,=
1oxr,5.19,refined,Kd,=
3neo,5.92,refined,Kd,=
1dy4,4.36,refined,Ki,=
2za5,8.43,refined,Ki,=
2usn,6.51,refined,Ki,=
4bup,4.95,refined,Kd,=
2p2a,6.12,refined,Ki,=
2f7o,7.44,refined,Ki,=
2x91,6.74,refined,Ki,=
4o0b,8.30,refined,Ki,=
4u5s,2.41,refined,Kd,=
4p5z,7.41,refined,Kd,=
4i72,9.05,refined,Ki,=
5egm,8.62,refined,Ki,=
2wos,3.90,refined,Kd,=
4ww6,10.21,refined,Kd,=
3su4,6.26,refined,Ki,=
1rql,2.75,refined,Ki,=
4aj4,3.89,refined,Kd,=
4mhy,6.47,refined,Ki,=
3hf8,6.51,refined,Ki,=
1jvu,5.15,refined,Ki,=
3tkw,5.27,refined,Kd,=
2r38,7.44,refined,Ki,=
4qer,7.54,refined,Kd,=
1fcz,9.22,refined,Kd,=
3oim,6.74,refined,Ki,=
3p8o,8.72,refined,Ki,=
5cau,8.80,refined,Ki,=
2f81,10.52,refined,Ki,=
1hi4,4.49,refined,Ki,=
3k8o,11.07,refined,Kd,=
3odu,8.14,refined,Ki,=
3pgu,6.70,refined,Kd,=
4sga,7.30,refined,Ki,=
4q1w,11.70,refined,Ki,=
4dkr,6.52,refined,Kd,=
4jv8,5.85,refined,Kd,=
3zi0,7.40,refined,Kd,=
4fz3,3.73,refined,Kd,=
2y80,8.05,refined,Ki,=
4msa,3.30,refined,Ki,=
4av5,7.21,refined,Kd,=
2v2c,3.41,refined,Ki,=
1i37,9.57,refined,Ki,=
4att,6.98,refined,Kd,=
2zb1,6.32,refined,Kd,=
1r6n,7.40,refined,Kd,=
2pmk,5.92,refined,Kd,=
4i8x,2.64,refined,Kd,=
3i60,8.70,refined,Ki,=
1ciz,7.44,refined,Ki,=
1li2,4.04,refined,Kd,=
4c1u,7.09,refined,Kd,=
3g2k,4.79,refined,Ki,=
5cs3,2.15,refined,Kd,=
3n3j,8.48,refined,Ki,=
4c1y,3.60,refined,Kd,=
4fxq,5.77,refined,Kd,=
2fle,7.85,refined,Ki,=
3l7a,4.33,refined,Ki,=
4mrw,3.30,refined,Ki,=
3dcc,8.96,refined,Ki,=
1lag,6.30,refined,Kd,=
3h78,4.24,refined,Kd,=
1pzi,4.22,refined,Kd,=
1ppc,6.16,refined,Ki,=
4baq,9.01,refined,Ki,=
4k7i,2.82,refined,Kd,=
2pow,7.20,refined,Ki,=
4kzq,6.10,refined,Kd,=
4r4i,6.27,refined,Kd,=
2hnx,7.08,refined,Kd,=
1laf,7.85,refined,Kd,=
1mfi,5.59,refined,Ki,=
2igv,2.23,refined,Kd,=
4zyf,8.64,refined,Kd,=
1k1n,6.82,refined,Kd,=
3lir,6.92,refined,Ki,=
2doo,7.17,refined,Kd,=
4m7j,6.11,refined,Kd,=
1bv9,9.96,refined,Ki,=
2gj5,8.32,refined,Kd,=
3fl5,7.28,refined,Ki,=
3l0v,7.64,refined,Ki,=
4v27,6.66,refined,Kd,=
3wto,6.92,refined,Kd,=
1trd,5.40,refined,Ki,=
3nuo,9.80,refined,Ki,=
4p6x,7.04,refined,Ki,=
4u73,5.18,refined,Ki,=
1b6l,8.30,refined,Ki,=
1nja,6.31,refined,Kd,=
1v2j,3.25,refined,Ki,=
4bqh,5.59,refined,Kd,=
3r17,6.41,refined,Ki,=
4io5,5.03,refined,Kd,=
2ybu,6.38,refined,Ki,=
4kax,4.77,refined,Kd,=
4cra,7.22,refined,Ki,=
2i2c,4.70,refined,Ki,=
3gr2,2.52,refined,Ki,=
3cow,6.90,refined,Kd,=
1i5r,8.52,refined,Ki,=
4ew3,6.74,refined,Ki,=
3iww,7.96,refined,Ki,=
2gh9,6.00,refined,Kd,=
4q99,6.28,refined,Ki,=
3qlm,6.37,refined,Kd,=
4ye3,8.37,refined,Ki,=
3gcu,6.78,refined,Kd,=
3mna,7.39,refined,Ki,=
4qsv,2.00,refined,Kd,=
4zbi,6.51,refined,Ki,=
4bt4,3.34,refined,Ki,=
4poh,8.00,refined,Kd,=
3wjw,3.87,refined,Ki,=
4llj,3.42,refined,Ki,=
1ii5,6.62,refined,Kd,=
3a1d,4.12,refined,Kd,=
3tza,5.50,refined,Ki,=
4erf,9.40,refined,Kd,=
4u4s,2.92,refined,Kd,=
4cu7,7.59,refined,Kd,=
2x2r,7.12,refined,Ki,=
3u5l,6.19,refined,Kd,=
3w07,3.38,refined,Kd,=
1g74,6.52,refined,Kd,=
4x5y,8.03,refined,Kd,=
4qd6,8.64,refined,Ki,=
1flr,10.00,refined,Kd,=
3lgs,4.61,refined,Kd,=
4rpn,6.96,refined,Kd,=
1oss,4.79,refined,Ki,=
3jy0,8.30,refined,Ki,=
3s75,6.82,refined,Kd,=
4yth,8.70,refined,Ki,=
4cl6,5.39,refined,Kd,=
4x6m,8.24,refined,Ki,=
2xye,8.34,refined,Ki,=
3ioc,3.68,refined,Kd,=
3bxg,4.96,refined,Kd,=
1nfy,8.89,refined,Ki,=
1oz0,7.70,refined,Kd,=
2p7g,6.53,refined,Kd,=
1ezq,9.05,refined,Ki,=
2drc,9.89,refined,Kd,=
3k5i,4.70,refined,Kd,=
3ujb,5.10,refined,Kd,=
1xq0,6.34,refined,Kd,=
4djp,10.55,refined,Ki,=
5cap,7.28,refined,Ki,=
1mrx,7.26,refined,Kd,=
3vw1,4.67,refined,Kd,=
4zbf,7.13,refined,Ki,=
1a4k,8.00,refined,Kd,=
2rcb,6.79,refined,Kd,=
2nsj,4.79,refined,Kd,=
3uil,6.00,refined,Kd,=
3ao2,3.77,refined,Kd,=
4m0z,5.19,refined,Kd,=
3u10,5.44,refined,Kd,=
3okv,6.23,refined,Ki,=
3kiv,4.70,refined,Kd,=
4f7v,5.38,refined,Kd,=
3nxq,8.15,refined,Ki,=
1bzy,8.34,refined,Kd,=
1p1o,5.76,refined,Kd,=
4rww,5.85,refined,Kd,=
3r4n,6.89,refined,Ki,=
1mq5,9.00,refined,Ki,=
4n7m,5.47,refined,Kd,=
1xws,8.00,refined,Kd,=
1tcw,6.02,refined,Ki,=
1ua4,4.22,refined,Ki,=
2vmd,3.02,refined,Kd,=
4cjp,3.32,refined,Kd,=
1xka,6.88,refined,Ki,=
2rkd,2.72,refined,Ki,=
4rpo,7.64,refined,Kd,=
4w9d,4.99,refined,Kd,=
4x6p,8.30,refined,Ki,=
4rwj,8.70,refined,Kd,=
4c52,5.68,refined,Kd,=
1toj,3.39,refined,Kd,=
3nu9,9.05,refined,Ki,=
4keq,3.82,refined,Ki,=
3v3q,6.60,refined,Kd,=
2vyt,2.74,refined,Kd,=
3d8w,8.15,refined,Ki,=
1iy7,6.19,refined,Ki,=
3gi6,11.22,refined,Ki,=
3d0b,6.54,refined,Kd,=
2jfz,5.24,refined,Ki,=
2x95,4.95,refined,Ki,=
2oc2,8.52,refined,Ki,=
3g2j,4.75,refined,Ki,=
3bgb,6.05,refined,Ki,=
1o38,6.82,refined,Ki,=
4pzv,5.70,refined,Kd,=
3hb4,9.05,refined,Ki,=
1t7d,6.03,refined,Kd,=
2br1,5.14,refined,Ki,=
3sur,4.15,refined,Ki,=
1o5a,6.42,refined,Ki,=
1ec2,10.00,refined,Ki,=
1bwb,8.42,refined,Ki,=
1ivp,7.52,refined,Ki,=
2wgj,8.70,refined,Ki,=
1xh5,5.47,refined,Kd,=
3r1v,6.92,refined,Kd,=
1qyg,6.85,refined,Kd,=
1v0k,5.10,refined,Ki,=
5dq8,4.14,refined,Kd,=
1bgq,8.57,refined,Kd,=
1yei,7.46,refined,Kd,=
4e9u,5.82,refined,Ki,=
3uug,4.51,refined,Kd,=
4zwz,8.70,refined,Ki,=
2oym,5.00,refined,Ki,=
2cli,4.30,refined,Kd,=
4yrd,4.57,refined,Kd,=
1kjr,6.06,refined,Kd,=
4xya,5.86,refined,Kd,=
3t01,4.48,refined,Ki,=
1g54,8.82,refined,Kd,=
4q4q,5.79,refined,Kd,=
4gzw,4.52,refined,Kd,=
3ryj,7.80,refined,Kd,=
3k2f,7.20,refined,Ki,=
4fm8,5.97,refined,Kd,=
4z1e,8.24,refined,Ki,=
2pvm,6.44,refined,Ki,=
2cgf,6.41,refined,Kd,=
5ahw,5.17,refined,Kd,=
4ibk,4.30,refined,Kd,=
3s2v,6.80,refined,Ki,=
3gv9,2.12,refined,Ki,=
3t09,3.80,refined,Ki,=
1v2o,4.73,refined,Ki,=
4riv,7.00,refined,Ki,=
2ydt,5.52,refined,Ki,=
3qin,6.87,refined,Kd,=
3uw4,7.77,refined,Ki,=
2oi2,6.30,refined,Kd,=
3dp4,7.37,refined,Kd,=
3zk6,6.34,refined,Kd,=
1ydd,7.07,refined,Kd,=
4asj,7.55,refined,Kd,=
1xff,4.82,refined,Ki,=
3mjl,2.44,refined,Ki,=
3vvy,4.84,refined,Kd,=
4ynl,4.62,refined,Kd,=
1dif,10.66,refined,Ki,=
4cfl,5.88,refined,Kd,=
4std,10.33,refined,Ki,=
1k1i,6.58,refined,Kd,=
1o0n,4.09,refined,Ki,=
1if7,10.52,refined,Kd,=
1n46,10.52,refined,Ki,=
1pgp,5.70,refined,Kd,=
4aq6,4.80,refined,Kd,=
3qgw,5.89,refined,Ki,=
1g35,8.14,refined,Ki,=
3ebo,4.72,refined,Ki,=
4db7,6.56,refined,Kd,=
2e7f,6.10,refined,Kd,=
5caq,8.57,refined,Ki,=
2xda,6.22,refined,Ki,=
3uxk,4.93,refined,Ki,=
1i9p,8.41,refined,Kd,=
4qdk,5.85,refined,Kd,=
4ibc,2.98,refined,Kd,=
5efc,4.85,refined,Kd,=
1nq7,6.80,refined,Ki,=
1q65,5.46,refined,Ki,=
4w9h,6.73,refined,Kd,=
1z9g,5.64,refined,Ki,=
1o2q,7.68,refined,Ki,=
2qdt,5.19,refined,Ki,=
5cbr,5.74,refined,Kd,=
4w97,7.10,refined,Kd,=
4gue,5.24,refined,Kd,=
2wl0,7.80,refined,Ki,=
2py4,6.70,refined,Kd,=
3u8j,8.51,refined,Ki,=
2c1p,5.40,refined,Kd,=
3qxt,5.22,refined,Kd,=
3k8c,2.92,refined,Ki,=
2v8w,6.82,refined,Kd,=
4z83,7.40,refined,Ki,=
2hs1,8.48,refined,Ki,=
1sr7,10.10,refined,Kd,=
1c1r,7.63,refined,Ki,=
3f6g,4.72,refined,Ki,=
4q90,2.15,refined,Ki,=
1n4h,6.55,refined,Ki,=
1y6q,11.70,refined,Ki,=
1dzk,6.10,refined,Kd,=
1c86,4.70,refined,Ki,=
4rsk,4.32,refined,Kd,=
4ual,8.40,refined,Ki,=
3l4v,6.72,refined,Ki,=
3q71,5.22,refined,Kd,=
3lxe,6.60,refined,Ki,=
2j47,5.41,refined,Ki,=
4xit,7.27,refined,Ki,=
2w4x,4.85,refined,Kd,=
1g48,8.41,refined,Kd,=
4cwq,7.06,refined,Ki,=
4x8v,6.89,refined,Ki,=
1fq5,8.40,refined,Ki,=
3gc5,7.26,refined,Ki,=
4x5r,7.85,refined,Kd,=
2zdk,6.37,refined,Kd,=
2bqv,8.05,refined,Ki,=
3l4z,6.72,refined,Ki,=
1fo0,5.59,refined,Kd,=
4g0y,2.30,refined,Kd,=
4yzu,5.05,refined,Ki,=
3djx,2.81,refined,Ki,=
3sv2,4.19,refined,Ki,=
1o5c,5.22,refined,Ki,=
4buq,8.14,refined,Kd,=
4g0z,2.21,refined,Kd,=
2zq2,6.56,refined,Kd,=
1ew8,2.26,refined,Ki,=
4bny,7.10,refined,Ki,=
3rdo,9.85,refined,Kd,=
2xpk,11.30,refined,Ki,=
4fzj,3.15,refined,Kd,=
2gv7,7.85,refined,Ki,=
1o86,9.57,refined,Ki,=
4kxn,6.10,refined,Kd,=
3b25,6.07,refined,Kd,=
3o8p,6.46,refined,Kd,=
1tpw,3.30,refined,Ki,=
1wht,3.70,refined,Ki,=
1fl3,6.80,refined,Kd,=
2zx7,10.49,refined,Ki,=
1bxq,7.38,refined,Ki,=
2pnc,3.33,refined,Ki,=
1l8g,6.22,refined,Ki,=
4qf8,7.51,refined,Kd,=
3a6t,7.28,refined,Kd,=
1k4h,5.11,refined,Ki,=
1jn4,4.95,refined,Ki,=
1bzj,4.66,refined,Ki,=
1nfx,8.52,refined,Ki,=
1z1h,8.40,refined,Ki,=
4r4o,5.82,refined,Kd,=
4xtv,9.27,refined,Kd,=
2xjj,6.51,refined,Kd,=
2wvt,6.12,refined,Kd,=
3qgy,7.80,refined,Ki,=
1hvr,9.51,refined,Ki,=
3e12,5.99,refined,Kd,=
1f4x,5.59,refined,Kd,=
4nbk,3.87,refined,Kd,=
3g19,6.67,refined,Kd,=
2oiq,5.00,refined,Kd,=
4mo8,8.00,refined,Ki,=
2p09,6.35,refined,Kd,=
3suw,4.70,refined,Ki,=
3ljz,8.14,refined,Ki,=
3vx3,7.82,refined,Kd,=
4hf4,8.62,refined,Ki,=
4mo4,4.22,refined,Kd,=
1qkt,9.04,refined,Kd,=
1o3p,6.66,refined,Ki,=
4d3h,6.43,refined,Kd,=
1o5e,5.74,refined,Ki,=
2cen,8.30,refined,Ki,=
4o07,7.38,refined,Ki,=
2haw,4.92,refined,Kd,=
3tcg,5.87,refined,Kd,=
4ahu,2.27,refined,Kd,=
2flr,6.10,refined,Ki,=
2vsl,8.40,refined,Ki,=
3v2p,6.36,refined,Kd,=
3sbi,7.92,refined,Kd,=
4r5b,6.73,refined,Ki,=
4rd6,6.28,refined,Kd,=
3g30,2.51,refined,Ki,=
1c87,4.20,refined,Ki,=
3s77,7.21,refined,Kd,=
4ynb,10.37,refined,Ki,=
1n0s,7.45,refined,Kd,=
2i19,7.80,refined,Ki,=
3rz7,8.96,refined,Kd,=
4zow,4.12,refined,Kd,=
2b1i,6.82,refined,Ki,=
2v2v,4.07,refined,Ki,=
2brm,5.89,refined,Ki,=
4ddk,2.29,refined,Kd,=
2qv7,3.66,refined,Kd,=
1q8w,5.24,refined,Kd,=
1bp0,5.40,refined,Kd,=
3s8x,7.30,refined,Kd,=
2e27,9.35,refined,Kd,=
3uw5,7.85,refined,Ki,=
4axd,4.43,refined,Kd,=
4pcs,7.85,refined,Ki,=
3d1y,8.22,refined,Ki,=
4ql1,7.03,refined,Kd,=
1b5h,6.01,refined,Kd,=
1w0z,7.68,refined,Ki,=
3a9i,4.15,refined,Ki,=
4n7u,6.29,refined,Kd,=
4ca5,9.39,refined,Ki,=
4hpi,4.85,refined,Kd,=
7upj,8.49,refined,Ki,=
1w5x,8.40,refined,Ki,=
1jak,5.57,refined,Ki,=
2xyt,6.29,refined,Ki,=
4zj6,8.52,refined,Kd,=
1hvi,10.92,refined,Ki,=
1lkk,6.85,refined,Kd,=
4wa9,8.42,refined,Ki,=
3zps,8.30,refined,Ki,=
2r58,2.00,refined,Kd,=
1jlr,3.33,refined,Kd,=
1ghw,4.20,refined,Ki,=
1fao,7.37,refined,Kd,=
2dw7,4.70,refined,Ki,=
4m8e,7.89,refined,Kd,=
3ubd,5.54,refined,Kd,=
2jfh,3.06,refined,Ki,=
3k99,7.22,refined,Ki,=
3ldp,5.62,refined,Kd,=
4afg,8.30,refined,Ki,=
1xow,9.28,refined,Kd,=
4qij,5.54,refined,Kd,=
4ijh,4.33,refined,Kd,=
4cwn,5.59,refined,Ki,=
4n9a,4.19,refined,Ki,=
1j37,8.96,refined,Ki,=
3hp9,4.59,refined,Ki,=
4crl,9.71,refined,Kd,=
3ui7,9.00,refined,Ki,=
2oax,8.65,refined,Ki,=
1g36,7.17,refined,Ki,=
1m2p,6.11,refined,Ki,=
3rwp,9.22,refined,Ki,=
3jrx,9.00,refined,Kd,=
1tys,5.49,refined,Kd,=
1ucn,5.22,refined,Kd,=
1sdt,9.27,refined,Ki,=
3kdd,8.46,refined,Kd,=
1g85,5.48,refined,Kd,=
4bak,8.91,refined,Ki,=
1drk,6.82,refined,Kd,=
4r4t,6.26,refined,Kd,=
2j2u,7.33,refined,Ki,=
4dfg,11.74,refined,Ki,=
2v59,7.74,refined,Kd,=
1avn,3.90,refined,Kd,=
3bwj,6.50,refined,Kd,=
4yc0,4.13,refined,Ki,=
3r16,7.30,refined,Ki,=
4lxz,6.74,refined,Kd,=
3th9,7.70,refined,Ki,=
1ndw,5.23,refined,Ki,=
2r2m,7.33,refined,Ki,=
4i9h,7.17,refined,Kd,=
4w9l,5.02,refined,Kd,=
1fd0,8.40,refined,Kd,=
2g5u,8.49,refined,Kd,=
1ttm,7.35,refined,Kd,=
3n35,3.37,refined,Kd,=
1d4y,11.10,refined,Ki,=
1lgt,6.10,refined,Kd,=
3pb7,5.74,refined,Ki,=
5c8n,7.55,refined,Ki,=
1bai,7.70,refined,Ki,=
3v78,5.54,refined,Kd,=
1pzo,3.32,refined,Ki,=
1zpa,8.40,refined,Ki,=
4kz6,3.10,refined,Ki,=
2wec,3.96,refined,Ki,=
4cd0,9.70,refined,Ki,=
1b38,6.60,refined,Kd,=
2bpy,7.40,refined,Ki,=
1oba,2.44,refined,Kd,=
1qf1,7.32,refined,Ki,=
4mmm,3.82,refined,Kd,=
4j22,7.74,refined,Kd,=
4ibf,4.43,refined,Kd,=
4rd3,6.47,refined,Kd,=
2qrm,4.03,refined,Ki,=
3nu6,9.30,refined,Ki,=
4k3n,7.96,refined,Ki,=
3mam,4.12,refined,Kd,=
5upj,7.12,refined,Ki,=
3g32,3.71,refined,Ki,=
4f6w,7.52,refined,Kd,=
4bkt,3.62,refined,Kd,=
5e8f,8.64,refined,Kd,=
456c,9.77,refined,Ki,=
1gno,7.70,refined,Ki,=
4wn5,7.41,refined,Kd,=
4o09,7.70,refined,Ki,=
4cpw,7.50,refined,Ki,=
4y2q,2.92,refined,Kd,=
3bra,2.70,refined,Kd,=
1y6r,10.11,refined,Ki,=
2il2,7.10,refined,Kd,=
2rke,4.08,refined,Ki,=
1gyx,2.48,refined,Ki,=
2vba,4.60,refined,Kd,=
1nt1,8.89,refined,Ki,=
4nze,6.80,refined,Ki,=
2r2b,4.20,refined,Kd,=
3a5y,7.96,refined,Kd,=
3i73,5.49,refined,Kd,=
2xeg,10.70,refined,Ki,=
3umo,3.89,refined,Ki,=
4pum,6.73,refined,Kd,=
2b4l,4.77,refined,Kd,=
4ezr,5.20,refined,Kd,=
1pb9,3.62,refined,Ki,=
3ffg,9.08,refined,Ki,=
3sw8,4.50,refined,Ki,=
1epo,7.96,refined,Ki,=
2j4g,6.60,refined,Ki,=
4eb8,9.82,refined,Ki,=
3umq,4.62,refined,Kd,=
4ymh,6.46,refined,Kd,=
4x24,9.78,refined,Ki,=
4aje,3.68,refined,Kd,=
2ydw,7.34,refined,Kd,=
2qfo,4.70,refined,Kd,=
2h4k,5.49,refined,Ki,=
1uvt,7.64,refined,Ki,=
1eoc,6.05,refined,Ki,=
3jya,6.89,refined,Ki,=
1vyf,8.05,refined,Kd,=
1f74,3.05,refined,Ki,=
3i4y,7.05,refined,Ki,=
4q6e,6.18,refined,Kd,=
2vnt,8.00,refined,Ki,=
1ghz,4.80,refined,Ki,=
2yz3,6.66,refined,Ki,=
3eft,7.92,refined,Ki,=
1moq,3.46,refined,Ki,=
1a69,5.30,refined,Ki,=
4or4,4.57,refined,Kd,=
4en4,5.52,refined,Ki,=
3gsm,6.48,refined,Ki,=
2w26,9.40,refined,Ki,=
3zhx,6.68,refined,Kd,=
2vzr,4.28,refined,Kd,=
2q38,5.23,refined,Ki,=
1hmt,5.79,refined,Kd,=
2erz,5.66,refined,Ki,=
4qiy,7.30,refined,Kd,=
1n3z,4.20,refined,Ki,=
3fhb,5.70,refined,Kd,=
4lzr,4.70,refined,Kd,=
4f2w,11.30,refined,Ki,=
4io6,4.82,refined,Kd,=
1gvx,7.22,refined,Ki,=
2g71,7.46,refined,Ki,=
3ime,3.00,refined,Kd,=
3f1a,7.21,refined,Kd,=
1v1j,4.82,refined,Ki,=
1lpz,7.60,refined,Ki,=
3n3g,7.24,refined,Ki,=
2vpo,5.42,refined,Kd,=
3ifl,8.08,refined,Kd,=
4mc1,7.85,refined,Ki,=
4pge,7.77,refined,Kd,=
4jal,4.60,refined,Kd,=
3b66,8.60,refined,Ki,=
4x48,6.77,refined,Ki,=
2uxi,7.30,refined,Kd,=
4eo8,8.15,refined,Kd,=
2w9h,6.37,refined,Kd,=
3vf5,9.34,refined,Ki,=
4jh0,9.03,refined,Ki,=
1ndy,6.17,refined,Ki,=
3gba,9.07,refined,Ki,=
2j94,6.27,refined,Ki,=
3dyo,2.30,refined,Ki,=
4dv8,9.24,refined,Ki,=
1rnt,5.19,refined,Kd,=
3l3m,8.22,refined,Ki,=
3bbf,5.28,refined,Kd,=
1m2q,6.10,refined,Ki,=
1a9q,6.17,refined,Kd,=
4oag,6.30,refined,Kd,=
4e7r,7.70,refined,Ki,=
1mh5,9.21,refined,Kd,=
1dud,4.82,refined,Ki,=
3v5p,8.96,refined,Ki,=
1b46,5.28,refined,Kd,=
966c,7.64,refined,Ki,=
4zx0,8.00,refined,Ki,=
3wzn,7.00,refined,Kd,=
4og3,6.55,refined,Kd,=
3f19,7.19,refined,Kd,=
4j21,7.41,refined,Kd,=
4nbn,4.36,refined,Kd,=
4o04,6.16,refined,Ki,=
2a5s,6.70,refined,Ki,=
4xu3,9.50,refined,Kd,=
1zvx,9.22,refined,Ki,=
1bn4,9.31,refined,Kd,=
1v2r,3.55,refined,Ki,=
3v2n,6.10,refined,Kd,=
3d1x,8.66,refined,Ki,=
5cc2,4.10,refined,Kd,=
2ylc,7.89,refined,Kd,=
3gkz,8.00,refined,Kd,=
4cpr,7.46,refined,Ki,=
1nvs,7.82,refined,Ki,=
2d0k,5.02,refined,Kd,=
4bzs,7.12,refined,Ki,=
3ama,6.53,refined,Ki,=
1b32,7.10,refined,Kd,=
3t3c,10.23,refined,Ki,=
1pot,5.49,refined,Kd,=
1qxk,5.05,refined,Ki,=
1sw2,7.22,refined,Kd,=
3b3x,3.60,refined,Ki,=
4lzs,4.80,refined,Kd,=
2b07,6.43,refined,Ki,=
3h8b,6.29,refined,Ki,=
3t8v,6.59,refined,Ki,=
2r3t,5.85,refined,Ki,=
1pme,9.40,refined,Ki,=
2vvs,7.34,refined,Ki,=
3g1d,3.48,refined,Ki,=
4bps,2.99,refined,Ki,=
4psb,4.64,refined,Kd,=
3uuo,7.96,refined,Ki,=
1v2l,4.29,refined,Ki,=
2h5a,5.10,refined,Kd,=
3pn1,6.96,refined,Ki,=
3s73,8.70,refined,Kd,=
4p6w,9.15,refined,Ki,=
1jys,3.52,refined,Ki,=
1ony,6.77,refined,Ki,=
3u15,7.11,refined,Kd,=
3ehx,7.60,refined,Ki,=
2jf4,8.15,refined,Kd,=
1ajn,2.63,refined,Ki,=
3axz,3.43,refined,Kd,=
4k77,6.63,refined,Ki,=
2yk1,8.13,refined,Kd,=
1mai,6.68,refined,Kd,=
3cd7,7.84,refined,Kd,=
2zym,6.14,refined,Kd,=
2jke,4.23,refined,Ki,=
4mme,6.50,refined,Kd,=
3miy,7.68,refined,Kd,=
4z2b,7.76,refined,Ki,=
3s5y,7.41,refined,Ki,=
2zfs,6.54,refined,Kd,=
1ogx,6.09,refined,Kd,=
1swr,6.92,refined,Kd,=
3cz1,7.26,refined,Kd,=
1ec3,9.04,refined,Ki,=
3aau,5.05,refined,Ki,=
2i4v,11.20,refined,Ki,=
2uwp,6.81,refined,Ki,=
1adl,5.36,refined,Kd,=
3arv,5.64,refined,Kd,=
2ptz,7.82,refined,Ki,=
1t7j,8.70,refined,Kd,=
3myq,7.52,refined,Kd,=
4w9k,6.54,refined,Kd,=
4g90,4.51,refined,Ki,=
1qaw,5.12,refined,Kd,=
4idn,5.24,refined,Kd,=
4n07,6.46,refined,Kd,=
1fzm,7.70,refined,Kd,=
1sh9,6.03,refined,Ki,=
4cwo,5.21,refined,Ki,=
4q7w,2.64,refined,Ki,=
1bjv,5.54,refined,Ki,=
1tq4,6.19,refined,Kd,=
3s78,6.47,refined,Kd,=
1o2o,6.36,refined,Ki,=
2zy1,7.40,refined,Ki,=
2cej,8.62,refined,Ki,=
3u6h,9.00,refined,Ki,=
1xh4,7.47,refined,Kd,=
2qbw,7.25,refined,Kd,=
1c5t,4.10,refined,Ki,=
1lgw,4.00,refined,Kd,=
4n8q,3.42,refined,Ki,=
4cp5,3.34,refined,Kd,=
1xk9,6.85,refined,Ki,=
1ydb,8.24,refined,Kd,=
3sbh,7.28,refined,Kd,=
1xhy,6.18,refined,Ki,=
3uu1,5.20,refined,Ki,=
3ebi,7.10,refined,Ki,=
1aj7,3.87,refined,Kd,=
3c8e,4.15,refined,Kd,=
4ufi,6.20,refined,Ki,=
1h2t,7.89,refined,Kd,=
2bmk,5.62,refined,Kd,=
3k02,5.00,refined,Kd,=
2g8r,3.99,refined,Ki,=
4ogj,6.79,refined,Kd,=
2fzc,2.70,refined,Ki,=
1v2t,4.71,refined,Ki,=
3s0b,6.49,refined,Kd,=
3rlq,7.40,refined,Ki,=
4ih5,4.11,refined,Kd,=
1g3d,5.55,refined,Ki,=
4tte,3.69,refined,Kd,=
1y3v,5.64,refined,Ki,=
4e3g,4.97,refined,Ki,=
1qkb,7.35,refined,Kd,=
2qrp,6.20,refined,Ki,=
2uwd,8.35,refined,Kd,=
2r3w,6.89,refined,Ki,=
2p7z,6.58,refined,Kd,=
3cj4,6.51,refined,Kd,=
3d7z,7.92,refined,Ki,=
3ewj,6.84,refined,Ki,=
1cnx,7.37,refined,Kd,=
2b9a,8.05,refined,Kd,=
3lmk,5.94,refined,Ki,=
3ip9,5.62,refined,Kd,=
4gny,4.22,refined,Kd,=
4e5w,7.66,refined,Ki,=
4b35,2.89,refined,Kd,=
4b33,3.37,refined,Kd,=
1f5k,3.74,refined,Ki,=
3d6q,3.76,refined,Ki,=
5aml,9.15,refined,Ki,=
1f0t,6.00,refined,Ki,=
2exm,4.11,refined,Ki,=
5tmn,8.04,refined,Ki,=
1m1b,4.66,refined,Ki,=
1lkl,5.81,refined,Kd,=
2qbs,6.68,refined,Ki,=
2v2q,4.15,refined,Ki,=
4xxh,5.00,refined,Kd,=
3qox,6.57,refined,Ki,=
4kfq,8.23,refined,Kd,=
3dhv,2.96,refined,Kd,=
3vbd,8.07,refined,Ki,=
1fm9,9.00,refined,Ki,=
2i4x,11.72,refined,Ki,=
2ri9,3.22,refined,Ki,=
3eeb,5.89,refined,Kd,=
4whs,4.12,refined,Kd,=
4heg,8.92,refined,Ki,=
3wvm,5.71,refined,Kd,=
3fuz,6.54,refined,Ki,=
1g2k,7.96,refined,Ki,=
4n3l,7.00,refined,Ki,=
4lrr,5.22,refined,Ki,=
4uma,5.41,refined,Ki,=
1jgl,8.70,refined,Kd,=
1jq8,6.00,refined,Ki,=
4gii,8.74,refined,Ki,=
1gu1,4.52,refined,Ki,=
2vvp,3.40,refined,Ki,=
1c84,5.00,refined,Ki,=
4xty,9.21,refined,Kd,=
4rvr,6.87,refined,Kd,=
3u7s,8.43,refined,Ki,=
3e85,5.38,refined,Kd,=
2vkm,8.74,refined,Ki,=
1njc,5.55,refined,Kd,=
4r76,7.85,refined,Ki,=
3arr,5.40,refined,Kd,=
4lw1,3.15,refined,Kd,=
1hxb,9.92,refined,Ki,=
2hxm,5.22,refined,Ki,=
1ecv,4.85,refined,Ki,=
3slz,6.99,refined,Ki,=
1ebw,9.05,refined,Ki,=
1uz1,6.89,refined,Ki,=
3f18,7.40,refined,Kd,=
2nn1,5.82,refined,Kd,=
1fjs,9.96,refined,Ki,=
3nht,7.01,refined,Kd,=
1fki,7.00,refined,Ki,=
2w08,3.42,refined,Kd,=
3gvb,2.59,refined,Ki,=
3spf,3.86,refined,Ki,=
1ex8,6.33,refined,Kd,=
5dgu,11.35,refined,Ki,=
1tni,4.00,refined,Ki,=
1nf8,7.82,refined,Kd,=
1vyg,8.00,refined,Kd,=
1nli,3.59,refined,Kd,=
4kow,4.31,refined,Kd,=
1v16,3.87,refined,Kd,=
4wr7,11.70,refined,Kd,=
3bva,6.52,refined,Kd,=
4efk,2.49,refined,Kd,=
2w8y,9.09,refined,Ki,=
2r75,6.15,refined,Kd,=
2bpv,7.67,refined,Ki,=
2h4n,8.70,refined,Kd,=
4fnn,7.57,refined,Kd,=
1enu,5.08,refined,Ki,=
1bhf,4.38,refined,Kd,=
4b3b,3.60,refined,Kd,=
4gqr,3.96,refined,Ki,=
3d6o,4.11,refined,Ki,=
4qyy,7.30,refined,Kd,=
2qtn,3.42,refined,Kd,=
4qev,7.66,refined,Kd,=
4zb8,6.03,refined,Kd,=
1cny,7.85,refined,Kd,=
4aoi,8.40,refined,Ki,=
3kmc,6.40,refined,Ki,=
3k37,8.92,refined,Ki,=
3cda,7.58,refined,Kd,=
4e67,6.48,refined,Kd,=
2mas,7.52,refined,Kd,=
3qnd,4.85,refined,Kd,=
3kmx,4.82,refined,Kd,=
2q2a,7.41,refined,Kd,=
1d4i,8.85,refined,Ki,=
2bt9,6.19,refined,Kd,=
1pdz,3.70,refined,Ki,=
4poj,8.10,refined,Kd,=
4xas,6.59,refined,Ki,=
1aaq,8.40,refined,Ki,=
1hsh,9.42,refined,Ki,=
1w7g,5.10,refined,Ki,=
3p17,4.48,refined,Ki,=
4agp,4.69,refined,Kd,=
4ovh,4.85,refined,Kd,=
2qi4,10.44,refined,Ki,=
4djx,7.23,refined,Ki,=
186l,4.85,refined,Kd,=
3exh,4.88,refined,Kd,=
3t70,6.30,refined,Ki,=
4b6p,7.13,refined,Ki,=
3oku,6.36,refined,Ki,=
2cbz,3.93,refined,Kd,=
1d6v,6.17,refined,Kd,=
4ej8,5.39,refined,Kd,=
1lan,7.22,refined,Ki,=
4el0,4.49,refined,Ki,=
1m0b,8.82,refined,Ki,=
1gvw,6.96,refined,Ki,=
3ie3,6.68,refined,Kd,=
3m67,6.74,refined,Kd,=
3s71,8.64,refined,Kd,=
2qe4,7.96,refined,Ki,=
2hf8,5.47,refined,Kd,=
1hp5,6.55,refined,Ki,=
2ews,6.62,refined,Kd,=
3hl5,4.47,refined,Ki,=
2psv,7.24,refined,Ki,=
4ufm,3.72,refined,Ki,=
3rv8,4.92,refined,Ki,=
1lbf,7.85,refined,Kd,=
2xn5,6.69,refined,Kd,=
2wc3,6.08,refined,Ki,=
3t1l,3.26,refined,Kd,=
2qbu,6.19,refined,Kd,=
4nvp,7.57,refined,Kd,=
1ro6,6.46,refined,Ki,=
3jrs,4.28,refined,Kd,=
2hb3,11.35,refined,Ki,=
2yay,6.10,refined,Kd,=
1xt8,6.85,refined,Kd,=
4do5,5.83,refined,Ki,=
2ha5,4.34,refined,Kd,=
4ivd,9.52,refined,Ki,=
3oyq,7.99,refined,Ki,=
4a4w,7.72,refined,Kd,=
4hym,8.22,refined,Ki,=
2p3c,7.62,refined,Ki,=
2cf8,8.10,refined,Ki,=
2f6t,4.62,refined,Ki,=
3bgs,9.42,refined,Ki,=
4zhl,6.47,refined,Kd,=
4b5w,3.33,refined,Kd,=
4ew2,6.68,refined,Ki,=
3bft,6.49,refined,Ki,=
3d83,8.36,refined,Ki,=
2uxz,8.48,refined,Ki,=
4cgi,3.12,refined,Kd,=
4kif,4.84,refined,Kd,=
2j79,5.96,refined,Kd,=
3c39,3.96,refined,Kd,=
2y7z,8.70,refined,Ki,=
2o4r,9.40,refined,Ki,=
4ayp,6.12,refined,Kd,=
3c2f,2.00,refined,Kd,=
4k0o,3.00,refined,Kd,=
2wky,8.59,refined,Ki,=
2ogy,4.48,refined,Kd,=
2fu8,4.70,refined,Ki,=
1k1m,7.40,refined,Kd,=
3fvn,6.77,refined,Ki,=
4ddy,5.62,refined,Ki,=
2i2b,2.44,refined,Ki,=
4qge,9.30,refined,Ki,=
2xj7,6.66,refined,Ki,=
1uwu,5.98,refined,Ki,=
4mjp,3.88,refined,Ki,=
1sw1,7.30,refined,Kd,=
1hwr,8.33,refined,Ki,=
4g8v,5.80,refined,Ki,=
3h5b,10.00,refined,Ki,=
3s8n,6.21,refined,Kd,=
3ccz,7.29,refined,Kd,=
3elc,2.69,refined,Kd,=
1zfk,7.92,refined,Ki,=
4rr6,6.00,refined,Kd,=
3g2i,4.86,refined,Ki,=
2gvj,9.52,refined,Ki,=
1f0r,7.66,refined,Ki,=
3fee,6.64,refined,Ki,=
4lov,7.77,refined,Kd,=
3tf6,6.40,refined,Kd,=
4pyx,6.14,refined,Kd,=
4ahr,2.19,refined,Kd,=
3ml5,8.52,refined,Ki,=
3lbj,4.96,refined,Ki,=
2fqw,6.68,refined,Kd,=
4f09,6.70,refined,Ki,=
1mjj,8.74,refined,Kd,=
1ai7,4.09,refined,Ki,=
3tzm,7.77,refined,Ki,=
1bn1,9.34,refined,Kd,=
1fkh,8.15,refined,Ki,=
2y7p,5.47,refined,Kd,=
4gqp,9.60,refined,Kd,=
3u8k,8.66,refined,Ki,=
4dld,5.82,refined,Ki,=
2rka,3.00,refined,Ki,=
4rrf,3.62,refined,Kd,=
3u5j,5.61,refined,Kd,=
1df8,9.70,refined,Kd,=
2qwc,3.55,refined,Ki,=
4qjx,7.28,refined,Kd,=
1msm,10.48,refined,Kd,=
4qjm,8.17,refined,Kd,=
3f6e,2.38,refined,Kd,=
1tmn,7.30,refined,Ki,=
4d4d,5.96,refined,Kd,=
2xdx,6.46,refined,Kd,=
4f6u,6.15,refined,Kd,=
3b2q,4.55,refined,Kd,=
2v3d,3.94,refined,Ki,=
4oma,4.17,refined,Ki,=
1o3i,7.30,refined,Ki,=
4agc,10.70,refined,Ki,=
3hmp,5.49,refined,Kd,=
1duv,11.80,refined,Kd,=
2arm,7.68,refined,Kd,=
3lzs,10.96,refined,Kd,=
4ht2,6.54,refined,Kd,=
4itp,7.27,refined,Ki,=
3sww,8.40,refined,Ki,=
4f9w,6.94,refined,Ki,=
3l7d,2.18,refined,Ki,=
3pe1,9.65,refined,Ki,=
1bnn,10.00,refined,Kd,=
1mrw,9.70,refined,Kd,=
1bty,4.74,refined,Ki,=
3vha,7.40,refined,Kd,=
3o9i,11.82,refined,Ki,=
3fv2,8.11,refined,Ki,=
4o0x,7.17,refined,Ki,=
3s3v,6.23,refined,Ki,=
1yp9,5.11,refined,Ki,=
1o0m,5.15,refined,Ki,=
2avo,8.85,refined,Ki,=
3pb8,5.24,refined,Ki,=
3b7i,5.82,refined,Ki,=
4x5p,8.21,refined,Kd,=
3kgu,5.92,refined,Kd,=
4oc1,6.60,refined,Ki,=
4h42,3.47,refined,Ki,=
1nki,6.70,refined,Kd,=
1e4h,8.41,refined,Kd,=
3wha,9.32,refined,Kd,=
3ddg,6.00,refined,Ki,=
4lm3,2.92,refined,Ki,=
3t0d,2.37,refined,Ki,=
4kz4,4.15,refined,Ki,=
4rfc,8.24,refined,Ki,=
2v57,7.10,refined,Kd,=
3rsr,4.36,refined,Kd,=
3djq,2.98,refined,Ki,=
2qzr,7.26,refined,Ki,=
3g5k,9.52,refined,Ki,=
3ap4,3.92,refined,Kd,=
1zfq,7.52,refined,Ki,=
3w9r,6.18,refined,Kd,=
2y8c,6.40,refined,Ki,=
1h46,3.57,refined,Ki,=
2qi7,10.21,refined,Ki,=
4dsy,4.43,refined,Ki,=
3usx,5.02,refined,Kd,=
3f3d,7.16,refined,Kd,=
3dzt,7.22,refined,Kd,=
1yqj,8.14,refined,Ki,=
3cf8,4.90,refined,Ki,=
4zzz,7.06,refined,Kd,=
4c5d,5.40,refined,Kd,=
2xab,9.27,refined,Kd,=
4j7e,4.85,refined,Kd,=
1s38,5.15,refined,Ki,=
4x5z,7.63,refined,Kd,=
3oe4,7.47,refined,Ki,=
3o75,6.68,refined,Kd,=
3djv,4.55,refined,Ki,=
1ebz,9.40,refined,Ki,=
4ih3,4.82,refined,Ki,=
1uj5,3.05,refined,Ki,=
2y5f,8.70,refined,Ki,=
4tjz,5.97,refined,Kd,=
2x7t,6.63,refined,Ki,=
4hdf,8.49,refined,Ki,=
2zcs,8.22,refined,Ki,=
4ih6,4.74,refined,Kd,=
4phu,7.92,refined,Kd,=
1o36,5.96,refined,Ki,=
3nu5,8.35,refined,Ki,=
2r59,8.19,refined,Ki,=
4hws,9.10,refined,Ki,=
4qjp,8.60,refined,Kd,=
3po6,7.06,refined,Ki,=
2jdh,6.51,refined,Kd,=
4bf6,8.35,refined,Ki,=
1g3e,5.38,refined,Ki,=
2iuz,5.55,refined,Ki,=
1gj8,6.96,refined,Ki,=
1b51,7.37,refined,Kd,=
3ffp,7.14,refined,Ki,=
4ly1,7.26,refined,Kd,=
2qwf,5.67,refined,Ki,=
3e92,8.00,refined,Ki,=
1l83,3.40,refined,Kd,=
2h6b,5.39,refined,Kd,=
2yel,7.28,refined,Kd,=
3n2v,7.51,refined,Ki,=
3rm4,5.77,refined,Kd,=
3ed0,6.35,refined,Kd,=
3i7e,10.85,refined,Ki,=
2whp,4.00,refined,Kd,=
1w5y,8.48,refined,Ki,=
4y59,5.24,refined,Kd,=
3bxe,5.48,refined,Kd,=
4dko,6.52,refined,Kd,=
3g0e,7.70,refined,Kd,=
1om1,6.77,refined,Ki,=
1v2u,3.37,refined,Ki,=
4lxd,7.23,refined,Ki,=
4z0k,6.34,refined,Ki,=
4cpz,7.68,refined,Ki,=
3g0i,3.60,refined,Ki,=
2fzk,3.60,refined,Ki,=
2h15,5.67,refined,Ki,=
4u54,2.06,refined,Kd,=
1b5j,7.43,refined,Kd,=
3kdc,9.28,refined,Kd,=
2qhy,7.48,refined,Ki,=
2qi0,7.38,refined,Ki,=
3ckp,6.35,refined,Ki,=
2ra0,7.80,refined,Ki,=
2qx0,6.11,refined,Kd,=
4np2,2.26,refined,Kd,=
3bkl,6.17,refined,Ki,=
2qnn,7.15,refined,Ki,=
2r0z,5.47,refined,Kd,=
2qrl,4.00,refined,Ki,=
2cbv,5.48,refined,Kd,=
3kyq,4.22,refined,Kd,=
4nyf,7.31,refined,Kd,=
4rhx,5.80,refined,Ki,=
3lk8,7.71,refined,Kd,=
4ef6,2.92,refined,Kd,=
4cpy,6.31,refined,Ki,=
4u5o,2.42,refined,Kd,=
1sdu,10.07,refined,Ki,=
4ymx,7.10,refined,Kd,=
4lj8,5.82,refined,Kd,=
1b40,7.28,refined,Kd,=
1ez9,5.10,refined,Kd,=
2rfh,6.82,refined,Ki,=
2ans,5.92,refined,Kd,=
3st5,11.30,refined,Ki,=
2q1q,8.15,refined,Ki,=
4ysl,5.80,refined,Kd,=
4ovf,4.13,refined,Ki,=
2pfy,6.52,refined,Kd,=
1nc1,6.12,refined,Ki,=
3m5e,7.37,refined,Kd,=
4ddm,2.46,refined,Kd,=
4cws,7.92,refined,Ki,=
2xp7,5.77,refined,Kd,=
2vmc,2.94,refined,Kd,=
4riu,7.30,refined,Ki,=
2e2p,4.74,refined,Ki,=
1od8,5.10,refined,Ki,=
1z6s,4.34,refined,Ki,=
2f9k,7.07,refined,Ki,=
2v77,5.06,refined,Ki,=
2vmf,5.85,refined,Kd,=
1usi,6.74,refined,Kd,=
4h3f,9.00,refined,Ki,=
1ct8,6.52,refined,Kd,=
1xbo,6.04,refined,Ki,=
4br3,5.72,refined,Kd,=
1np0,3.57,refined,Ki,=
4cg9,6.21,refined,Kd,=
1zhy,6.52,refined,Kd,=
1qbn,5.85,refined,Ki,=
4qnb,6.59,refined,Kd,=
4leq,6.54,refined,Kd,=
2vxn,5.00,refined,Kd,=
4qxo,5.51,refined,Kd,=
3o9e,11.30,refined,Ki,=
1ecq,3.00,refined,Ki,=
3pcf,6.05,refined,Ki,=
2wyg,8.70,refined,Ki,=
3kdm,7.00,refined,Kd,=
1fcy,8.52,refined,Kd,=
1a4w,5.92,refined,Ki,=
2r5a,2.60,refined,Kd,=
3b27,5.16,refined,Kd,=
5d21,8.38,refined,Kd,=
4oc2,8.28,refined,Ki,=
4kp5,6.08,refined,Kd,=
4q3u,6.44,refined,Kd,=
1hi3,4.19,refined,Ki,=
2wr8,5.44,refined,Ki,=
4ad3,4.62,refined,Kd,=
1k1o,6.17,refined,Ki,=
3vdb,2.52,refined,Ki,=
3roc,8.19,refined,Ki,=
4jyc,6.70,refined,Kd,=
1yej,7.46,refined,Kd,=
2oxn,7.44,refined,Ki,=
1jev,6.89,refined,Kd,=
2jh6,7.77,refined,Ki,=
1kmy,5.10,refined,Kd,=
3o5n,4.76,refined,Ki,=
3r88,4.82,refined,Ki,=
3k00,5.77,refined,Kd,=
4r3w,3.00,refined,Ki,=
2xbw,8.00,refined,Ki,=
4q87,4.85,refined,Ki,=
2ypi,4.82,refined,Ki,=
2xjx,9.15,refined,Kd,=
2fqt,6.14,refined,Ki,=
3f15,8.10,refined,Kd,=
3hww,7.12,refined,Kd,=
5cjf,9.59,refined,Ki,=
1lrh,6.82,refined,Kd,=
3gss,5.82,refined,Ki,=
3l79,2.46,refined,Ki,=
1nz7,7.12,refined,Ki,=
2aoe,7.62,refined,Ki,=
2xbx,7.82,refined,Ki,=
1w11,8.22,refined,Ki,=
4o2p,6.70,refined,Ki,=
3s9t,6.82,refined,Kd,=
1dmp,9.55,refined,Ki,=
1syh,6.41,refined,Ki,=
5a2i,5.06,refined,Kd,=
1o1s,7.31,refined,Ki,=
2bfr,5.25,refined,Kd,=
4n6z,7.80,refined,Ki,=
1gcz,5.13,refined,Ki,=
4ffs,10.44,refined,Kd,=
3f8f,6.63,refined,Kd,=
5byi,7.51,refined,Ki,=
4bc5,4.60,refined,Ki,=
4qiz,8.15,refined,Kd,=
1szd,4.54,refined,Kd,=
4isi,8.14,refined,Ki,=
3cd0,7.57,refined,Kd,=
3m3x,6.82,refined,Kd,=
2hu6,3.81,refined,Kd,=
3c2r,3.11,refined,Kd,=
4o3f,5.56,refined,Kd,=
2pyn,7.57,refined,Kd,=
4da5,6.44,refined,Ki,=
2bvs,4.10,refined,Ki,=
3d8z,3.37,refined,Ki,=
4gki,4.46,refined,Ki,=
3obx,3.89,refined,Kd,=
2on6,6.76,refined,Ki,=
3zi8,5.66,refined,Kd,=
2p95,9.37,refined,Ki,=
4f5y,5.43,refined,Kd,=
4tqn,6.11,refined,Kd,=
4dkp,5.72,refined,Kd,=
5a81,5.54,refined,Kd,=
4ufh,6.42,refined,Ki,=
3zt3,2.86,refined,Kd,=
1amw,4.54,refined,Kd,=
1aid,4.82,refined,Ki,=
2x7u,5.27,refined,Ki,=
3v3l,6.43,refined,Kd,=
4ad2,6.20,refined,Kd,=
2v54,4.60,refined,Ki,=
1qji,4.85,refined,Ki,=
1o33,5.74,refined,Ki,=
2xc4,8.05,refined,Ki,=
2y9g,3.77,refined,Kd,=
2wly,6.60,refined,Ki,=
4ipn,3.39,refined,Kd,=
1ch8,7.00,refined,Ki,=
3hku,8.30,refined,Ki,=
1my4,6.98,refined,Ki,=
1xjd,9.48,refined,Ki,=
1c3x,3.68,refined,Ki,=
3b92,8.00,refined,Ki,=
4i7l,3.99,refined,Kd,=
4pin,5.40,refined,Kd,=
2a14,5.70,refined,Ki,=
1uwf,6.82,refined,Kd,=
4fs4,6.57,refined,Ki,=
3d4y,5.70,refined,Ki,=
1jfh,2.05,refined,Ki,=
4arb,5.89,refined,Kd,=
4lbu,6.56,refined,Kd,=
4tun,5.41,refined,Kd,=
2yaz,5.14,refined,Kd,=
2qhd,5.38,refined,Kd,=
3c2u,2.90,refined,Ki,=
3vtr,5.57,refined,Ki,=
1iiq,7.48,refined,Ki,=
3fas,6.77,refined,Ki,=
2za0,6.64,refined,Ki,=
2bz6,7.09,refined,Ki,=
3le9,8.22,refined,Ki,=
3m89,6.16,refined,Kd,=
3rf5,5.63,refined,Ki,=
3nik,3.45,refined,Kd,=
2hw2,2.97,refined,Ki,=
3q7q,5.65,refined,Kd,=
4je8,5.21,refined,Kd,=
4p5d,5.82,refined,Ki,=
1olx,4.33,refined,Kd,=
3ip6,6.60,refined,Kd,=
4hge,7.92,refined,Ki,=
4bxk,7.95,refined,Ki,=
2p3i,3.48,refined,Kd,=
2a8g,3.69,refined,Kd,=
3fx6,6.80,refined,Ki,=
1a9m,6.92,refined,Ki,=
2tmn,5.89,refined,Ki,=
1e6s,3.22,refined,Ki,=
2yb0,3.85,refined,Kd,=
3ikg,7.24,refined,Ki,=
1ws4,3.00,refined,Kd,=
2eg7,5.89,refined,Ki,=
4zji,6.47,refined,Kd,=
4j45,5.77,refined,Ki,=
4x6n,8.82,refined,Ki,=
4b32,3.34,refined,Kd,=
1z9y,7.19,refined,Ki,=
2fxv,5.35,refined,Kd,=
1nvr,8.11,refined,Ki,=
4jsz,2.30,refined,Ki,=
2gv6,7.34,refined,Ki,=
4wkp,9.55,refined,Ki,=
4m12,6.05,refined,Kd,=
4o9v,8.00,refined,Ki,=
4f3k,10.16,refined,Ki,=
4j74,4.59,refined,Kd,=
1elr,4.96,refined,Kd,=
3hzv,6.52,refined,Kd,=
3lcu,3.52,refined,Kd,=
1bq4,5.22,refined,Ki,=
4dmw,4.94,refined,Kd,=
1hpo,9.22,refined,Ki,=
1siv,8.08,refined,Ki,=
3ivc,4.12,refined,Kd,=
2c92,5.68,refined,Kd,=
1o0f,5.30,refined,Ki,=
4daf,7.12,refined,Kd,=
4j93,4.70,refined,Kd,=
4ivb,8.72,refined,Ki,=
4g5f,3.05,refined,Kd,=
2p4j,8.96,refined,Ki,=
3ibl,7.84,refined,Ki,=
3iw5,6.08,refined,Kd,=
4iwz,7.29,refined,Ki,=
3s54,9.64,refined,Ki,=
4zae,8.44,refined,Ki,=
2i3v,6.55,refined,Ki,=
1cgl,6.87,refined,Ki,=
3nw3,6.49,refined,Kd,=
2j27,3.52,refined,Ki,=
1jcx,5.15,refined,Ki,=
2xg9,4.15,refined,Ki,=
5tmp,7.47,refined,Kd,=
4wko,9.47,refined,Ki,=
3bu1,8.15,refined,Kd,=
4qpl,7.41,refined,Kd,=
1ogd,3.03,refined,Kd,=
3djo,4.39,refined,Ki,=
4gq4,7.66,refined,Kd,=
3wz8,5.82,refined,Ki,=
3zt2,2.84,refined,Kd,=
4b74,7.66,refined,Kd,=
3p3r,7.25,refined,Kd,=
1e6q,3.15,refined,Ki,=
1ork,8.81,refined,Kd,=
4omj,5.26,refined,Kd,=
4m0e,6.22,refined,Ki,=
4q0k,4.87,refined,Kd,=
5e1s,7.92,refined,Kd,=
4mc9,9.44,refined,Ki,=
1s19,9.51,refined,Kd,=
1gnn,5.68,refined,Ki,=
4c9x,7.32,refined,Kd,=
2h3e,5.70,refined,Kd,=
4cps,8.27,refined,Ki,=
1hpv,9.22,refined,Ki,=
4f1l,5.12,refined,Kd,=
3lpl,5.62,refined,Kd,=
3gxy,5.59,refined,Kd,=
3fqe,8.30,refined,Ki,=
4ij1,5.40,refined,Ki,=
3mi3,5.45,refined,Ki,=
3rdv,4.91,refined,Kd,=
4jc1,4.30,refined,Kd,=
3wz7,5.74,refined,Ki,=
3m3z,5.73,refined,Ki,=
1d3d,9.09,refined,Kd,=
2j4i,9.00,refined,Ki,=
4oct,5.05,refined,Kd,=
1zs0,6.15,refined,Ki,=
4f3c,11.82,refined,Ki,=
3be9,7.62,refined,Ki,=
1erb,8.10,refined,Kd,=
4do4,7.29,refined,Ki,=
4dcs,5.10,refined,Kd,=
1dgm,5.05,refined,Ki,=
1hih,8.05,refined,Ki,=
3ozr,5.15,refined,Ki,=
1qb6,6.06,refined,Ki,=
2wnc,6.32,refined,Kd,=
1a94,7.85,refined,Ki,=
3sr4,6.54,refined,Ki,=
4fk6,9.70,refined,Ki,=
4aji,3.55,refined,Kd,=
1ec1,8.92,refined,Ki,=
3udd,7.10,refined,Kd,=
4km2,5.84,refined,Kd,=
1y3n,5.55,refined,Kd,=
3r0y,4.84,refined,Kd,=
5ct2,2.92,refined,Kd,=
4g0q,2.52,refined,Kd,=
3nhi,8.43,refined,Kd,=
3iae,3.89,refined,Ki,=
1b57,8.00,refined,Ki,=
4c1t,7.15,refined,Kd,=
4rlt,4.96,refined,Kd,=
4ago,4.81,refined,Kd,=
4tln,3.72,refined,Ki,=
1i9n,8.66,refined,Kd,=
3d52,3.28,refined,Ki,=
1b8o,10.64,refined,Ki,=
2wn9,8.52,refined,Kd,=
1cnw,7.72,refined,Kd,=
3mf5,5.36,refined,Kd,=
4u6c,5.00,refined,Ki,=
4auj,7.74,refined,Kd,=
3gy3,5.63,refined,Kd,=
2wlz,4.60,refined,Ki,=
1bcd,8.70,refined,Ki,=
3r6u,4.52,refined,Kd,=
4kb9,11.00,refined,Ki,=
2r1y,4.51,refined,Kd,=
3ahn,7.05,refined,Ki,=
2pwg,4.82,refined,Ki,=
4qem,7.80,refined,Kd,=
4j47,4.92,refined,Ki,=
1uw6,7.34,refined,Kd,=
3ewc,7.70,refined,Ki,=
4i8z,11.05,refined,Ki,=
1dar,4.96,refined,Kd,=
2zxg,8.82,refined,Ki,=
4zeb,6.52,refined,Kd,=
3gta,4.28,refined,Ki,=
3t60,6.70,refined,Ki,=
3ekw,7.96,refined,Kd,=
4q9o,5.77,refined,Kd,=
1b4h,5.46,refined,Kd,=
1fpc,7.00,refined,Ki,=
1jmg,6.07,refined,Kd,=
4wrb,6.19,refined,Ki,=
1k21,8.38,refined,Ki,=
4rn4,6.94,refined,Ki,=
4m13,6.70,refined,Kd,=
3twp,3.92,refined,Ki,=
3dbu,8.06,refined,Ki,=
1fiv,6.59,refined,Ki,=
1ctu,11.92,refined,Ki,=
2vc7,3.36,refined,Ki,=
3tk2,4.62,refined,Kd,=
1i9o,8.42,refined,Kd,=
2w67,4.96,refined,Ki,=
3zv7,5.92,refined,Ki,=
4eu0,6.40,refined,Kd,=
3upv,5.30,refined,Kd,=
4llk,3.00,refined,Ki,=
1a4r,6.66,refined,Kd,=
3ebl,6.30,refined,Kd,=
4mnp,7.34,refined,Kd,=
1fkg,8.00,refined,Ki,=
2i4w,11.59,refined,Ki,=
4l6t,7.49,refined,Kd,=
2r5p,8.48,refined,Ki,=
4ca7,7.36,refined,Ki,=
3zlr,9.26,refined,Kd,=
4djw,6.28,refined,Ki,=
1s5z,3.21,refined,Kd,=
1xkk,8.52,refined,Ki,=
1v0l,7.55,refined,Ki,=
4ceb,2.97,refined,Kd,=
4f0c,6.27,refined,Kd,=
3pwd,6.66,refined,Ki,=
4kyk,4.74,refined,Ki,=
4aia,3.66,refined,Kd,=
1ppi,5.01,refined,Ki,=
1z4o,4.52,refined,Ki,=
1lf2,7.52,refined,Ki,=
2f7p,6.60,refined,Ki,=
1s63,9.05,refined,Ki,=
1lvu,5.32,refined,Kd,=
3s43,8.60,refined,Ki,=
4v01,8.11,refined,Kd,=
3k97,8.00,refined,Ki,=
3b50,7.55,refined,Kd,=
2q5k,11.30,refined,Ki,=
4bcp,6.25,refined,Ki,=
2pvu,6.31,refined,Kd,=
4ozj,5.40,refined,Kd,=
2y5g,6.84,refined,Ki,=
4r73,7.64,refined,Kd,=
4ciw,4.82,refined,Ki,=
2vnp,9.92,refined,Ki,=
1v48,7.80,refined,Ki,=
1d09,7.57,refined,Ki,=
4aqh,6.54,refined,Kd,=
3f7i,7.34,refined,Ki,=
2ayr,9.29,refined,Ki,=
3lpk,9.10,refined,Ki,=
1ec9,3.10,refined,Ki,=
4duh,5.18,refined,Kd,=
4b73,7.21,refined,Kd,=
5a5q,4.68,refined,Kd,=
4umc,3.44,refined,Ki,=
3nx7,8.10,refined,Kd,=
1drv,6.54,refined,Kd,=
2jgs,6.62,refined,Kd,=
1r0p,8.00,refined,Kd,=
2jxr,7.05,refined,Ki,=
4mr3,5.94,refined,Kd,=
3nyx,7.49,refined,Ki,=
2xjg,7.82,refined,Kd,=
4cr9,4.10,refined,Ki,=
4i54,6.96,refined,Kd,=
1zoe,7.40,refined,Ki,=
1b8n,10.52,refined,Ki,=
3exe,6.96,refined,Kd,=
4zme,4.30,refined,Kd,=
2zc9,6.74,refined,Ki,=
2uwo,8.70,refined,Ki,=
4b7r,9.64,refined,Ki,=
3obq,3.54,refined,Kd,=
4i9u,3.86,refined,Kd,=
4non,5.24,refined,Kd,=
3sfg,6.06,refined,Kd,=
5a7b,3.57,refined,Kd,=
1qf2,5.92,refined,Ki,=
2zft,6.52,refined,Kd,=
3drg,7.00,refined,Kd,=
3mxd,8.83,refined,Ki,=
3q6z,3.72,refined,Kd,=
3wtn,7.04,refined,Kd,=
1f0s,7.74,refined,Ki,=
1k27,9.00,refined,Ki,=
1bnv,8.77,refined,Kd,=
1w4p,4.74,refined,Ki,=
4kcx,4.43,refined,Kd,=
1z71,9.18,refined,Ki,=
3pb9,6.58,refined,Ki,=
1j01,6.47,refined,Ki,=
3ldq,5.36,refined,Ki,=
1w4q,5.26,refined,Ki,=
2rkm,3.90,refined,Ki,=
3c89,6.07,refined,Ki,=
4hj2,2.53,refined,Kd,=
4crf,9.30,refined,Ki,=
4ko8,7.15,refined,Kd,=
3lp7,5.44,refined,Kd,=
3wq6,4.59,refined,Ki,=
1mrn,4.52,refined,Ki,=
4ou3,4.41,refined,Ki,=
2jkh,8.05,refined,Ki,=
3b1m,8.48,refined,Ki,=
4rlw,4.87,refined,Kd,=
2gzl,4.82,refined,Kd,=
1gar,10.00,refined,Ki,=
2wkz,8.77,refined,Ki,=
1pxn,7.15,refined,Ki,=
1ype,8.10,refined,Ki,=
1wcq,6.26,refined,Ki,=
1hps,9.22,refined,Ki,=
3tfn,6.57,refined,Ki,=
3g1v,3.19,refined,Ki,=
1mtr,8.40,refined,Ki,=
4i5c,8.82,refined,Ki,=
2f7i,7.10,refined,Kd,=
1t4v,7.68,refined,Ki,=
3ujc,4.59,refined,Kd,=
4b0b,3.33,refined,Kd,=
1fzk,8.40,refined,Kd,=
3ipu,7.32,refined,Ki,=
1h0a,5.44,refined,Kd,=
2i80,5.40,refined,Ki,=
4ban,8.61,refined,Ki,=
2gst,6.07,refined,Ki,=
3f5l,3.72,refined,Ki,=
1i9m,8.48,refined,Kd,=
4j44,5.73,refined,Ki,=
3pwm,9.10,refined,Kd,=
3hzm,5.52,refined,Kd,=
1b3f,6.89,refined,Kd,=
3arq,6.40,refined,Kd,=
2qta,5.76,refined,Kd,=
3k4d,5.11,refined,Ki,=
2i4u,11.57,refined,Ki,=
4jzi,7.40,refined,Ki,=
4mre,2.19,refined,Kd,=
4u0w,3.00,refined,Kd,=
1o3d,7.13,refined,Ki,=
1tcx,6.95,refined,Ki,=
4ahs,2.19,refined,Kd,=
4uof,4.84,refined,Kd,=
2hoc,9.52,refined,Ki,=
1pz5,5.40,refined,Kd,=
1sl3,11.85,refined,Ki,=
4clj,9.15,refined,Ki,=
1qbt,10.62,refined,Ki,=
1b4z,5.23,refined,Kd,=
1z6e,9.72,refined,Ki,=
4ymq,5.80,refined,Kd,=
3vhc,8.89,refined,Kd,=
1ctt,4.52,refined,Ki,=
3jzg,4.40,refined,Kd,=
3dne,5.22,refined,Ki,=
1b3h,6.21,refined,Kd,=
4z93,7.35,refined,Kd,=
3eqr,8.70,refined,Ki,=
4kmz,8.57,refined,Kd,=
4umb,4.00,refined,Ki,=
4tmk,7.70,refined,Kd,=
3uew,6.31,refined,Kd,=
3coz,5.57,refined,Kd,=
1w96,8.41,refined,Kd,=
4ido,4.93,refined,Kd,=
5c1w,5.06,refined,Ki,=
1uz8,4.96,refined,Kd,=
2j7d,7.13,refined,Kd,=
4ucc,4.32,refined,Kd,=
4ibj,4.33,refined,Kd,=
2x96,4.03,refined,Ki,=
2xj1,7.55,refined,Kd,=
4fut,6.51,refined,Kd,=
2r9w,5.10,refined,Ki,=
3g31,2.89,refined,Ki,=
2fx6,3.70,refined,Ki,=
2ewa,7.94,refined,Kd,=
3brn,8.70,refined,Kd,=
4kzb,2.89,refined,Ki,=
3uxd,4.41,refined,Ki,=
3qdd,8.77,refined,Ki,=
3ao5,2.23,refined,Kd,=
1tnh,3.37,refined,Ki,=
3mfw,3.52,refined,Ki,=
2wed,6.10,refined,Ki,=
3cct,7.56,refined,Kd,=
3shc,5.72,refined,Ki,=
4jxs,4.74,refined,Ki,=
1tlp,7.55,refined,Ki,=
3ove,6.57,refined,Kd,=
1rpj,6.48,refined,Kd,=
2olb,5.54,refined,Kd,=
1u0g,6.15,refined,Ki,=
3mhi,6.70,refined,Kd,=
4xu2,9.23,refined,Kd,=
3bqc,5.73,refined,Ki,=
2zdl,6.40,refined,Kd,=
3qqa,5.82,refined,Kd,=
3zq9,6.02,refined,Ki,=
3r4p,7.96,refined,Ki,=
4ngm,10.35,refined,Ki,=
2ha2,4.66,refined,Kd,=
1x1z,11.06,refined,Ki,=
4xe1,7.11,refined,Ki,=
3bug,3.18,refined,Kd,=
4bcs,6.99,refined,Kd,=
4i7p,3.50,refined,Kd,=
1sld,6.57,refined,Kd,=
4cjq,3.59,refined,Kd,=
3hs4,8.00,refined,Ki,=
1q5k,7.42,refined,Ki,=
3v51,8.55,refined,Ki,=
2zmm,7.60,refined,Ki,=
2eum,6.70,refined,Kd,=
4agm,3.98,refined,Kd,=
1efy,8.22,refined,Ki,=
3hv8,6.98,refined,Kd,=
4ocq,4.61,refined,Kd,=
2f80,8.18,refined,Ki,=
2pov,7.12,refined,Ki,=
3f3u,4.74,refined,Kd,=
1oe8,5.52,refined,Kd,=
1d7j,3.30,refined,Kd,=
1jao,5.92,refined,Ki,=
3moe,4.30,refined,Ki,=
2p15,10.30,refined,Kd,=
1ta6,9.13,refined,Ki,=
2z1w,4.08,refined,Ki,=
1fv0,5.93,refined,Ki,=
2a5c,4.62,refined,Kd,=
4zzy,5.60,refined,Kd,=
4unp,3.23,refined,Kd,=
2f2h,5.70,refined,Ki,=
3pd9,6.22,refined,Ki,=
1rr6,10.25,refined,Kd,=
1kc7,5.52,refined,Ki,=
2avq,4.39,refined,Ki,=
2a5b,3.93,refined,Kd,=
3ru1,4.85,refined,Kd,=
1hvh,7.96,refined,Ki,=
2aod,5.66,refined,Ki,=
1afl,6.28,refined,Ki,=
2euk,6.60,refined,Kd,=
4yo8,10.52,refined,Ki,=
3mmf,7.43,refined,Ki,=
1gj7,7.89,refined,Ki,=
3lea,9.10,refined,Ki,=
4w9f,5.49,refined,Kd,=
2oxx,6.70,refined,Ki,=
1k1y,3.22,refined,Ki,=
4etz,6.30,refined,Kd,=
1g1d,9.44,refined,Kd,=
1xpz,7.08,refined,Kd,=
1ele,6.85,refined,Ki,=
2buv,4.00,refined,Kd,=
1b6k,8.74,refined,Ki,=
1nm6,10.05,refined,Ki,=
3ujd,4.69,refined,Kd,=
4m2r,8.49,refined,Ki,=
2yi0,8.12,refined,Kd,=
1zge,7.30,refined,Ki,=
3iof,5.22,refined,Ki,=
3iqu,4.77,refined,Kd,=
2pym,6.82,refined,Kd,=
1lnm,8.70,refined,Kd,=
4f9u,6.03,refined,Ki,=
1qbr,10.57,refined,Ki,=
2fgu,9.18,refined,Kd,=
4r74,8.10,refined,Kd,=
2vb8,4.60,refined,Kd,=
3gi5,11.22,refined,Ki,=
1egh,5.70,refined,Ki,=
1afk,6.62,refined,Ki,=
4gj2,8.60,refined,Ki,=
2e9u,8.10,refined,Ki,=
3fjg,3.73,refined,Kd,=
2d3z,6.64,refined,Ki,=
1x8d,2.21,refined,Kd,=
2pk6,10.89,refined,Kd,=
1v2n,5.90,refined,Ki,=
1hii,7.28,refined,Ki,=
4iue,6.55,refined,Kd,=
3uxl,5.57,refined,Ki,=
4q19,8.05,refined,Ki,=
4h85,5.15,refined,Kd,=
1o2w,5.85,refined,Ki,=
4jss,3.30,refined,Ki,=
2gvv,3.90,refined,Ki,=
1yqy,7.62,refined,Ki,=
4u69,4.26,refined,Ki,=
1v7a,8.01,refined,Ki,=
2zpk,7.76,refined,Kd,=
3i25,8.51,refined,Ki,=
4oc3,8.28,refined,Ki,=
2y7x,8.89,refined,Ki,=
1g7g,6.60,refined,Ki,=
4xu0,9.11,refined,Kd,=
4ab9,3.33,refined,Kd,=
1gz4,3.70,refined,Ki,=
4zls,9.09,refined,Ki,=
2q8h,3.00,refined,Kd,=
4tpw,4.69,refined,Kd,=
1pb8,5.15,refined,Ki,=
3juk,4.89,refined,Kd,=
2afx,5.15,refined,Ki,=
4g8y,4.59,refined,Ki,=
3kku,5.70,refined,Ki,=
3pce,2.00,refined,Ki,=
2vhj,3.90,refined,Kd,=
5afv,5.59,refined,Kd,=
3agl,7.80,refined,Ki,=
4det,5.68,refined,Kd,=
4ryd,11.26,refined,Ki,=
4gu9,4.37,refined,Kd,=
1r1h,8.92,refined,Ki,=
3d50,4.77,refined,Ki,=
1hsl,7.19,refined,Kd,=
1fkf,9.40,refined,Kd,=
3ckz,8.72,refined,Ki,=
4jyt,7.40,refined,Ki,=
1sbr,5.00,refined,Kd,=
3gqz,2.17,refined,Ki,=
2uz9,5.71,refined,Ki,=
2p53,7.46,refined,Ki,=
3zsq,4.96,refined,Kd,=
3ejq,8.57,refined,Ki,=
3juq,4.91,refined,Kd,=
4o3c,2.59,refined,Ki,=
1i80,6.41,refined,Kd,=
1ai5,3.72,refined,Ki,=
1sdv,8.74,refined,Ki,=
2cle,3.55,refined,Kd,=
3gi4,10.80,refined,Ki,=
4h3g,8.22,refined,Ki,=
4bqg,6.22,refined,Kd,=
2cex,4.70,refined,Kd,=
1dfo,6.70,refined,Ki,=
3dx1,3.58,refined,Ki,=
2e2r,8.26,refined,Kd,=
3i4b,8.15,refined,Ki,=
4dli,5.62,refined,Kd,=
5dit,6.15,refined,Ki,=
5amg,8.22,refined,Ki,=
2v95,8.30,refined,Kd,=
1wn6,4.68,refined,Ki,=
3hky,7.10,refined,Kd,=
3p3t,7.24,refined,Kd,=
3uev,5.89,refined,Kd,=
4qj0,7.32,refined,Kd,=
3sut,7.85,refined,Ki,=
3cl0,7.07,refined,Ki,=
3bxf,5.54,refined,Kd,=
4u0f,5.92,refined,Kd,=
1kzk,10.39,refined,Ki,=
1qbs,9.47,refined,Ki,=
3p3s,7.59,refined,Kd,=
1kdk,9.05,refined,Kd,=
4mrg,2.96,refined,Kd,=
1owe,6.20,refined,Ki,=
1c1v,7.64,refined,Ki,=
1nw5,5.21,refined,Kd,=
5cqu,6.54,refined,Kd,=
1v1m,3.94,refined,Kd,=
4g0p,3.01,refined,Kd,=
3kr4,7.60,refined,Ki,=
3ozj,5.11,refined,Kd,=
4l4z,5.68,refined,Kd,=
2qwb,2.74,refined,Ki,=
1b58,6.59,refined,Kd,=
4abe,3.40,refined,Kd,=
3s6t,7.35,refined,Ki,=
4ax9,9.57,refined,Ki,=
3l3l,7.48,refined,Ki,=
3zll,6.40,refined,Kd,=
2nta,4.80,refined,Ki,=
4oiv,5.08,refined,Kd,=
3o4k,7.62,refined,Kd,=
1rpf,3.99,refined,Ki,=
1qy2,5.74,refined,Kd,=
4qf7,8.60,refined,Kd,=
4zo5,9.82,refined,Ki,=
4bt3,3.12,refined,Ki,=
4m0y,6.46,refined,Kd,=
4eoh,4.30,refined,Ki,=
3ug2,8.25,refined,Kd,=
2o4p,10.72,refined,Kd,=
2pbw,8.25,refined,Ki,=
2i0a,11.40,refined,Ki,=
2xog,3.43,refined,Ki,=
3bgq,7.96,refined,Ki,=
1c5p,4.68,refined,Ki,=
4iuo,3.64,refined,Kd,=
1ie9,10.19,refined,Kd,=
1gpn,6.48,refined,Ki,=
1o30,6.77,refined,Ki,=
3ery,5.66,refined,Kd,=
1ft7,5.18,refined,Ki,=
3liw,7.60,refined,Ki,=
4gbd,11.32,refined,Ki,=
3fvh,6.35,refined,Kd,=
3ms9,5.22,refined,Kd,=
3dxh,3.19,refined,Ki,=
4h7q,5.06,refined,Kd,=
3o99,10.82,refined,Ki,=
3hu3,6.89,refined,Kd,=
4z1j,8.11,refined,Ki,=
1c5s,6.00,refined,Ki,=
1bwa,8.60,refined,Ki,=
3b4p,5.40,refined,Kd,=
1njd,5.57,refined,Kd,=
2xm1,5.07,refined,Kd,=
4e6q,8.36,refined,Ki,=
4nxu,5.54,refined,Kd,=
4bi7,4.58,refined,Kd,=
3rr4,4.55,refined,Ki,=
2pu2,4.43,refined,Ki,=
3o5x,5.28,refined,Ki,=
3p5o,7.26,refined,Kd,=
4zb6,6.28,refined,Kd,=
2xpc,3.90,refined,Ki,=
3arw,6.15,refined,Kd,=
4je7,6.40,refined,Kd,=
2jdp,6.60,refined,Kd,=
1gjd,5.22,refined,Ki,=
2ypo,4.68,refined,Kd,=
1kav,5.82,refined,Ki,=
1b3l,5.89,refined,Kd,=
1onz,5.10,refined,Kd,=
2pwc,6.57,refined,Ki,=
1q91,4.15,refined,Ki,=
3kdb,9.85,refined,Kd,=
2ya6,5.70,refined,Ki,=
1gnm,6.25,refined,Ki,=
4gkm,5.17,refined,Ki,=
4rlu,4.82,refined,Kd,=
5er1,6.02,refined,Ki,=
2bet,2.77,refined,Ki,=
2uy0,6.92,refined,Ki,=
2ccb,7.45,refined,Kd,=
4agl,3.65,refined,Kd,=
4mss,6.40,refined,Ki,=
1dhi,7.26,refined,Kd,=
3a1c,4.00,refined,Kd,=
1zoh,7.00,refined,Ki,=
4luz,4.70,refined,Kd,=
2wva,10.70,refined,Kd,=
2pql,7.28,refined,Kd,=
1tuf,4.05,refined,Ki,=
1b9j,5.96,refined,Kd,=
1ajq,4.31,refined,Ki,=
2ha3,3.03,refined,Kd,=
3lxk,9.80,refined,Kd,=
2bak,7.43,refined,Kd,=
4pmm,7.57,refined,Kd,=
2qi3,10.20,refined,Ki,=
2clk,3.79,refined,Kd,=
4mr6,6.60,refined,Kd,=
4o0a,6.72,refined,Kd,=
4qjo,7.40,refined,Kd,=
3d8y,3.40,refined,Ki,=
3n9r,7.15,refined,Ki,=
1d4k,9.22,refined,Ki,=
4jyb,6.96,refined,Kd,=
4emf,7.08,refined,Kd,=
3zpu,8.38,refined,Ki,=
3veh,4.96,refined,Ki,=
3rlb,9.92,refined,Kd,=
4lch,10.62,refined,Ki,=
3zdv,5.48,refined,Kd,=
4ykk,2.77,refined,Ki,=
3f8e,7.23,refined,Ki,=
2xei,10.62,refined,Ki,=
2hkf,6.38,refined,Kd,=
1met,9.40,refined,Ki,=
2oxy,6.52,refined,Ki,=
1ogz,5.85,refined,Kd,=
1syi,5.44,refined,Ki,=
1g7f,5.47,refined,Ki,=
4lps,5.74,refined,Kd,=
3u92,7.48,refined,Ki,=
3b26,6.64,refined,Kd,=
1c5y,4.20,refined,Ki,=
4e4l,8.77,refined,Ki,=
1nw4,9.07,refined,Kd,=
4m0r,5.21,refined,Ki,=
4io2,6.70,refined,Kd,=
2wk6,3.32,refined,Ki,=
1hvl,9.95,refined,Ki,=
4nnr,7.26,refined,Kd,=
4d1j,6.31,refined,Kd,=
3ip8,2.28,refined,Ki,=
3jyr,5.54,refined,Kd,=
2bq7,7.05,refined,Ki,=
4yml,8.35,refined,Ki,=
4nuc,6.04,refined,Ki,=
4lk7,5.04,refined,Kd,=
2zn7,7.89,refined,Ki,=
4ayq,7.33,refined,Kd,=
2we3,4.43,refined,Kd,=
3sug,6.21,refined,Ki,=
3rz8,8.17,refined,Kd,=
1m4h,9.52,refined,Ki,=
3qt6,5.37,refined,Ki,=
1d7i,3.60,refined,Kd,=
4jfs,5.27,refined,Ki,=
1oau,7.70,refined,Kd,=
4h81,5.12,refined,Kd,=
2g94,9.52,refined,Ki,=
3ip5,6.22,refined,Kd,=
4ajl,3.80,refined,Kd,=
4er1,6.62,refined,Ki,=
2epn,7.22,refined,Ki,=
1lpg,7.09,refined,Ki,=
1j36,7.74,refined,Ki,=
4ezx,5.80,refined,Kd,=
4x8u,2.46,refined,Ki,=
4azc,5.86,refined,Kd,=
2fqo,6.43,refined,Ki,=
1i9l,8.48,refined,Kd,=
1gwv,2.57,refined,Kd,=
2qfu,4.18,refined,Ki,=
2pwr,6.59,refined,Ki,=
2o4k,10.46,refined,Kd,=
3pn4,6.85,refined,Ki,=
2ovy,8.40,refined,Ki,=
4m14,6.70,refined,Kd,=
2zda,8.40,refined,Ki,=
5dqe,3.63,refined,Kd,=
4dhl,4.48,refined,Ki,=
1h22,9.10,refined,Ki,=
3syr,5.10,refined,Ki,=
4lj5,6.29,refined,Kd,=
4qfn,4.12,refined,Kd,=
1oif,7.72,refined,Kd,=
3ckb,2.98,refined,Kd,=
4kn1,6.84,refined,Kd,=
3djp,4.20,refined,Ki,=
2cc7,8.01,refined,Kd,=
3fh7,7.60,refined,Kd,=
4nja,6.22,refined,Kd,=
4p58,4.60,refined,Ki,=
2c94,6.82,refined,Kd,=
4j7d,4.70,refined,Kd,=
3l4y,7.00,refined,Ki,=
3oaf,8.80,refined,Ki,=
2jdk,6.54,refined,Kd,=
2web,5.12,refined,Ki,=
2fxu,8.15,refined,Kd,=
4uyf,7.60,refined,Kd,=
4gr3,7.81,refined,Ki,=
4fsl,7.70,refined,Ki,=
4gfm,7.22,refined,Ki,=
4tim,2.16,refined,Ki,=
2c3i,7.60,refined,Kd,=
2ihj,4.59,refined,Ki,=
2v88,4.09,refined,Kd,=
4k9y,6.95,refined,Kd,=
4egk,7.72,refined,Kd,=
1n4k,10.05,refined,Kd,=
8a3h,4.06,refined,Ki,=
4i71,7.74,refined,Ki,=
4jwk,8.32,refined,Kd,=
4xmr,4.07,refined,Kd,=
2g9q,6.40,refined,Ki,=
3evd,6.91,refined,Kd,=
1g7q,6.06,refined,Kd,=
4pnu,4.89,refined,Kd,=
4jn2,11.68,refined,Kd,=
4xy8,6.40,refined,Kd,=
1wvj,6.73,refined,Ki,=
8cpa,9.15,refined,Ki,=
4oak,4.22,refined,Ki,=
3q44,6.31,refined,Ki,=
1ksn,9.40,refined,Ki,=
3hub,8.09,refined,Kd,=
3si4,3.88,refined,Ki,=
4djy,8.27,refined,Ki,=
4zip,9.68,refined,Ki,=
1bnw,9.08,refined,Kd,=
2xc0,6.72,refined,Ki,=
2q88,5.80,refined,Kd,=
3mz6,7.20,refined,Ki,=
3c79,7.20,refined,Kd,=
4r4c,5.54,refined,Kd,=
4jfm,5.48,refined,Kd,=
3afk,3.60,refined,Kd,=
3rsx,4.41,refined,Kd,=
3cs7,10.68,refined,Ki,=
2a4m,4.52,refined,Kd,=
4pft,8.64,refined,Kd,=
2qd6,8.68,refined,Ki,=
3aid,6.86,refined,Ki,=
4nl1,3.89,refined,Kd,=
4k6i,6.20,refined,Kd,=
4ury,2.22,refined,Kd,=
3sk2,3.61,refined,Kd,=
4bco,6.88,refined,Ki,=
1ajp,2.23,refined,Ki,=
4lm0,3.25,refined,Ki,=
4mjo,6.22,refined,Kd,=
5c2h,11.09,refined,Ki,=
3o84,7.24,refined,Kd,=
3pfp,6.44,refined,Ki,=
2xej,8.87,refined,Ki,=
4e0x,7.12,refined,Ki,=
4gfo,6.62,refined,Ki,=
4hwp,7.76,refined,Ki,=
2uy3,3.22,refined,Ki,=
3dgo,6.74,refined,Kd,=
3cm2,6.47,refined,Ki,=
4mc2,8.19,refined,Ki,=
1y3p,4.82,refined,Kd,=
3suu,8.52,refined,Ki,=
1k1l,6.90,refined,Kd,=
4ca6,6.74,refined,Ki,=
1x39,9.22,refined,Ki,=
2xib,7.26,refined,Kd,=
4qfo,4.27,refined,Kd,=
3i9g,8.96,refined,Kd,=
4cga,6.40,refined,Kd,=
1ql9,5.35,refined,Ki,=
1g30,6.85,refined,Ki,=
3o56,9.10,refined,Kd,=
4ks4,7.14,refined,Ki,=
4b1j,7.30,refined,Kd,=
2ov4,4.74,refined,Kd,=
2qtg,5.08,refined,Ki,=
3cr5,4.19,refined,Kd,=
4s1g,9.22,refined,Ki,=
4re4,6.87,refined,Ki,=
3gtc,2.35,refined,Ki,=
4q4p,6.39,refined,Kd,=
4llp,4.80,refined,Ki,=
3ibn,7.61,refined,Ki,=
4zzx,6.90,refined,Kd,=
4q09,8.17,refined,Kd,=
3g08,8.16,refined,Kd,=
1c5q,6.36,refined,Ki,=
2o4l,9.22,refined,Kd,=
1hvj,11.40,refined,Ki,=
4jne,5.86,refined,Kd,=
1m7d,6.23,refined,Kd,=
1upf,4.60,refined,Ki,=
4na9,7.39,refined,Ki,=
1dhj,6.55,refined,Kd,=
2zkj,5.48,refined,Kd,=
2uyq,5.68,refined,Kd,=
4i7k,3.04,refined,Kd,=
3zdg,7.10,refined,Ki,=
4or6,5.31,refined,Kd,=
1qbu,10.24,refined,Ki,=
3gy7,4.52,refined,Kd,=
1tom,8.30,refined,Ki,=
3jdw,3.60,refined,Ki,=
2wf5,6.00,refined,Kd,=
1f8e,4.82,refined,Ki,=
4xmb,7.36,refined,Kd,=
3rlp,7.08,refined,Kd,=
4b7p,9.46,refined,Kd,=
1o7o,4.49,refined,Kd,=
4wkb,11.57,refined,Ki,=
3c2o,3.35,refined,Kd,=
4avs,3.49,refined,Kd,=
2qg2,5.40,refined,Ki,=
3uzj,5.55,refined,Ki,=
4b9z,4.09,refined,Ki,=
3f78,3.10,refined,Kd,=
1qin,8.00,refined,Ki,=
2q54,9.01,refined,Ki,=
2vpn,6.72,refined,Kd,=
4yes,8.02,refined,Ki,=
3c8b,6.10,refined,Ki,=
2bal,6.31,refined,Kd,=
2qmg,9.15,refined,Ki,=
3bgc,5.02,refined,Ki,=
2q7q,5.30,refined,Kd,=
1oth,7.00,refined,Ki,=
2zfp,5.17,refined,Ki,=
3m6r,7.49,refined,Kd,=
3uj9,4.63,refined,Kd,=
2b1g,6.64,refined,Ki,=
4cst,8.89,refined,Kd,=
1pph,5.92,refined,Ki,=
4dy6,4.40,refined,Kd,=
1v2k,6.19,refined,Ki,=
2aog,6.28,refined,Ki,=
2qbq,7.44,refined,Ki,=
3rt4,8.80,refined,Kd,=
4a6c,7.92,refined,Ki,=
2y7i,5.54,refined,Kd,=
1f4e,2.96,refined,Ki,=
2bza,2.80,refined,Ki,=
4lhm,3.39,refined,Ki,=
4x11,2.22,refined,Kd,=
4ljh,4.71,refined,Kd,=
3f7g,7.37,refined,Ki,=
4wt2,10.42,refined,Kd,=
3zbx,8.22,refined,Ki,=
4ibi,4.14,refined,Kd,=
2ojj,8.70,refined,Ki,=
3g2y,2.00,refined,Ki,=
4xu1,9.49,refined,Kd,=
3aas,4.51,refined,Ki,=
1jzs,6.60,refined,Ki,=
4r5t,6.10,refined,Ki,=
1o2r,5.21,refined,Ki,=
3ttp,9.12,refined,Kd,=
5std,10.49,refined,Ki,=
2xef,9.84,refined,Ki,=
1g52,9.54,refined,Kd,=
4mn3,5.75,refined,Kd,=
1jmf,5.77,refined,Kd,=
4o0y,7.22,refined,Ki,=
3kgq,2.30,refined,Ki,=
1ppm,5.80,refined,Ki,=
4ag8,8.96,refined,Ki,=
4m8h,7.60,refined,Kd,=
1a99,5.70,refined,Kd,=
3su6,6.02,refined,Ki,=
3cfn,5.00,refined,Kd,=
4q93,4.65,refined,Ki,=
1det,4.30,refined,Kd,=
4nue,6.82,refined,Ki,=
1yfz,4.35,refined,Ki,=
1c4u,10.37,refined,Ki,=
3kgt,5.51,refined,Kd,=
3nim,4.75,refined,Kd,=
4z6i,6.31,refined,Kd,=
2xyf,8.44,refined,Ki,=
1g53,9.04,refined,Kd,=
4m2u,8.04,refined,Ki,=
1qan,4.48,refined,Ki,=
1alw,6.52,refined,Ki,=
4djo,11.52,refined,Ki,=
3f37,2.62,refined,Kd,=
3g35,4.68,refined,Ki,=
1zgi,5.34,refined,Ki,=
4abd,4.40,refined,Kd,=
3zyf,4.85,refined,Kd,=
1qhc,7.57,refined,Ki,=
1ik4,7.41,refined,Ki,=
1yq7,7.09,refined,Ki,=
5cbs,5.41,refined,Kd,=
2vwn,8.00,refined,Ki,=
2o8h,7.60,refined,Ki,=
4abf,4.62,refined,Kd,=
2wb5,9.13,refined,Ki,=
2w5g,6.07,refined,Ki,=
5bv3,7.17,refined,Kd,=
1gi7,4.51,refined,Ki,=
2qi5,10.85,refined,Ki,=
2vqt,6.00,refined,Ki,=
1ws1,9.55,refined,Ki,=
1bdq,6.34,refined,Ki,=
3arp,7.15,refined,Kd,=
2pog,9.54,refined,Ki,=
4rra,4.87,refined,Kd,=
4q08,6.30,refined,Kd,=
4ruz,7.64,refined,Ki,=
5cep,6.84,refined,Ki,=
4ai5,2.92,refined,Kd,=
3ozp,6.62,refined,Ki,=
1n51,4.85,refined,Ki,=
3v5t,8.22,refined,Ki,=
2hzy,7.39,refined,Ki,=
1eby,9.70,refined,Ki,=
3zc5,7.13,refined,Ki,=
3fql,7.15,refined,Kd,=
4arw,7.13,refined,Kd,=
2izl,6.00,refined,Kd,=
4hp0,6.12,refined,Kd,=
4xtw,9.03,refined,Kd,=
5amd,8.55,refined,Ki,=
2w8w,2.12,refined,Kd,=
3oyw,4.11,refined,Kd,=
3sap,7.59,refined,Kd,=
3s56,9.62,refined,Ki,=
4gg7,8.20,refined,Ki,=
4xtx,10.57,refined,Kd,=
4b2i,3.00,refined,Kd,=
4rfm,10.05,refined,Ki,=
3s8l,5.64,refined,Kd,=
2pyy,4.60,refined,Kd,=
1swg,7.36,refined,Kd,=
4ly9,8.15,refined,Kd,=
3gvu,8.00,refined,Kd,=
2ces,7.25,refined,Kd,=
4cj4,3.36,refined,Kd,=
1s39,7.70,refined,Ki,=
4bt5,2.76,refined,Ki,=
3pyy,6.86,refined,Kd,=
3bbb,7.00,refined,Kd,=
3pcg,2.30,refined,Ki,=
4oeu,7.66,refined,Kd,=
5cbm,7.77,refined,Ki,=
4j48,5.62,refined,Ki,=
1mfd,5.31,refined,Kd,=
1p1n,6.80,refined,Kd,=
2qd7,9.10,refined,Ki,=
2fxs,6.06,refined,Kd,=
3c88,6.80,refined,Ki,=
4w9p,7.80,refined,Ki,=
2j7f,6.35,refined,Kd,=
4oc5,7.07,refined,Ki,=
3v7t,7.21,refined,Ki,=
3f34,3.16,refined,Kd,=
2q64,8.52,refined,Kd,=
2q8m,4.03,refined,Ki,=
5cp9,3.51,refined,Kd,=
1dqn,8.00,refined,Ki,=
3u8l,8.05,refined,Ki,=
2fgv,6.12,refined,Kd,=
1tjp,4.42,refined,Kd,=
2d1n,8.15,refined,Ki,=
3qkd,8.38,refined,Kd,=
3n8k,4.05,refined,Kd,=
2yln,7.68,refined,Kd,=
4us3,5.32,refined,Kd,=
1amk,4.30,refined,Ki,=
3nzk,9.27,refined,Ki,=
1sbg,7.74,refined,Ki,=
3moh,2.84,refined,Ki,=
1qk4,4.21,refined,Kd,=
4ggz,10.18,refined,Kd,=
1bnq,9.49,refined,Kd,=
4dds,5.01,refined,Ki,=
4dju,5.44,refined,Ki,=
1lpk,7.55,refined,Ki,=
1ai4,2.50,refined,Ki,=
4l2l,5.70,refined,Ki,=
1ela,6.36,refined,Ki,=
1e5j,4.00,refined,Ki,=
4ll3,11.57,refined,Kd,=
4np3,3.30,refined,Kd,=
4h3j,7.05,refined,Ki,=
1qbq,8.30,refined,Ki,=
3v7x,8.57,refined,Ki,=
1ocq,5.19,refined,Ki,=
5fl4,7.00,refined,Ki,=
3bl1,5.60,refined,Ki,=
4l51,3.00,refined,Kd,=
3td4,5.66,refined,Kd,=
4io4,4.61,refined,Kd,=
4uin,7.62,refined,Kd,=
1igb,6.40,refined,Ki,=
3qfd,4.17,refined,Kd,=
4m6u,2.74,refined,Ki,=
4ty6,7.52,refined,Ki,=
3si3,4.16,refined,Ki,=
1elc,6.66,refined,Ki,=
1qy1,6.52,refined,Kd,=
3u7n,7.95,refined,Ki,=
3mof,3.07,refined,Ki,=
4q8x,3.57,refined,Ki,=
2zdm,6.41,refined,Kd,=
3gx0,3.48,refined,Kd,=
1xh9,7.77,refined,Kd,=
2jkp,4.23,refined,Ki,=
3rlr,7.52,refined,Ki,=
4ufl,2.64,refined,Ki,=
1lst,7.85,refined,Kd,=
3hig,7.89,refined,Ki,=
3ijh,4.00,refined,Kd,=
1c83,4.85,refined,Ki,=
2oxd,6.82,refined,Ki,=
1cet,2.89,refined,Ki,=
1eb2,6.01,refined,Ki,=
2zdn,6.25,refined,Kd,=
1ols,5.82,refined,Kd,=
4agn,3.97,refined,Kd,=
4e6d,8.92,refined,Ki,=
3f68,5.06,refined,Ki,=
2j77,4.89,refined,Kd,=
2bo4,4.61,refined,Ki,=
3mzc,6.65,refined,Ki,=
4wov,7.14,refined,Ki,=
1nl9,5.96,refined,Ki,=
1b2h,4.54,refined,Kd,=
3q6w,7.57,refined,Kd,=
1lah,7.52,refined,Kd,=
3ttn,7.84,refined,Kd,=
3n2p,7.82,refined,Ki,=
4q7v,3.59,refined,Ki,=
3gus,6.05,refined,Kd,=
3kr8,8.10,refined,Kd,=
3nq9,4.03,refined,Kd,=
3uyr,6.90,refined,Kd,=
2azr,3.64,refined,Ki,=
3a2o,9.08,refined,Ki,=
4euo,5.05,refined,Kd,=
4xaq,7.14,refined,Ki,=
2ya8,5.75,refined,Ki,=
1bxr,3.40,refined,Ki,=
4lvt,10.36,refined,Ki,=
4cc5,4.42,refined,Kd,=
1zdp,5.74,refined,Ki,=
1sqt,6.20,refined,Ki,=
3mi2,7.77,refined,Ki,=
2qwe,7.48,refined,Ki,=
2pvj,8.10,refined,Ki,=
5dgw,11.05,refined,Ki,=
2wzs,3.85,refined,Ki,=
1hk4,5.31,refined,Kd,=
4kn0,7.40,refined,Kd,=
3su0,6.79,refined,Ki,=
4tkh,5.74,refined,Kd,=
2jh0,8.70,refined,Ki,=
1mu8,9.00,refined,Ki,=
3d51,4.15,refined,Ki,=
3npc,8.34,refined,Kd,=
2yek,7.21,refined,Kd,=
2avm,5.70,refined,Ki,=
4wkn,9.72,refined,Ki,=
3znr,7.44,refined,Ki,=
1mmq,7.52,refined,Ki,=
4o97,8.52,refined,Ki,=
4o9w,7.16,refined,Kd,=
2qhz,7.28,refined,Ki,=
3tb6,5.08,refined,Kd,=
3el9,8.40,refined,Kd,=
4k18,8.96,refined,Ki,=
4bam,8.94,refined,Ki,=
2h21,6.54,refined,Kd,=
2ccc,7.76,refined,Kd,=
5e2p,8.80,refined,Ki,=
1ajv,7.72,refined,Ki,=
3zze,8.89,refined,Ki,=
4zwx,8.70,refined,Ki,=
2wor,3.90,refined,Kd,=
3mhw,2.30,refined,Ki,=
4eo6,8.70,refined,Kd,=
1c5c,6.96,refined,Kd,=
1bnu,9.70,refined,Kd,=
3qqs,5.82,refined,Ki,=
4abb,4.51,refined,Kd,=
1qk3,5.15,refined,Kd,=
1j4r,7.72,refined,Ki,=
1ogg,5.19,refined,Ki,=
2bes,4.24,refined,Ki,=
4z1k,8.33,refined,Ki,=
4m0f,8.77,refined,Ki,=
1r4w,4.05,refined,Kd,=
4nwc,5.76,refined,Ki,=
1uml,7.52,refined,Ki,=
4nku,4.67,refined,Kd,=
4y0a,2.31,refined,Ki,=
2zz2,4.54,refined,Ki,=
2qrk,4.26,refined,Ki,=
2xxr,6.55,refined,Ki,=
4a6l,8.00,refined,Ki,=
2jg0,7.82,refined,Kd,=
4ndu,2.74,refined,Kd,=
4u43,4.32,refined,Kd,=
4mdn,6.22,refined,Ki,=
1ado,6.00,refined,Kd,=
4qxq,5.70,refined,Kd,=
1b55,7.40,refined,Kd,=
4css,8.46,refined,Kd,=
5e2r,7.06,refined,Ki,=
2idw,8.89,refined,Ki,=
1txr,7.74,refined,Ki,=
3o9d,10.72,refined,Ki,=
3tao,5.14,refined,Kd,=
4pp0,4.40,refined,Kd,=
4az6,9.10,refined,Ki,=
3ies,9.92,refined,Kd,=
4wiv,6.26,refined,Kd,=
3n4b,7.02,refined,Ki,=
1m0n,2.22,refined,Ki,=
4mgd,4.69,refined,Kd,=
3std,11.11,refined,Ki,=
1qka,5.92,refined,Kd,=
1zp8,8.77,refined,Ki,=
1c70,10.30,refined,Ki,=
3q1x,5.33,refined,Ki,=
4zec,5.82,refined,Kd,=
2jds,8.20,refined,Ki,=
4jia,9.22,refined,Ki,=
2qi6,10.57,refined,Ki,=
1rbp,6.72,refined,Kd,=
1yvm,6.40,refined,Ki,=
2xxx,6.41,refined,Ki,=
2j75,6.65,refined,Kd,=
2rcn,6.00,refined,Kd,=
4crb,7.57,refined,Ki,=
3rbu,9.43,refined,Ki,=
2wm0,4.52,refined,Ki,=
4o2c,8.00,refined,Kd,=
1lyb,11.42,refined,Ki,=
3d7b,3.69,refined,Ki,=
3fj7,3.71,refined,Kd,=
1d4j,8.36,refined,Ki,=
1tog,3.22,refined,Kd,=
4kqp,6.05,refined,Kd,=
4ht0,8.00,refined,Kd,=
3iph,7.60,refined,Ki,=
3l59,3.70,refined,Kd,=
5am6,6.73,refined,Kd,=
4hdp,7.51,refined,Ki,=
3hl7,7.64,refined,Ki,=
3dk1,9.74,refined,Ki,=
2wyf,4.43,refined,Kd,=
2qi1,7.30,refined,Ki,=
5aol,2.32,refined,Kd,=
1g2o,10.55,refined,Ki,=
3f33,3.34,refined,Kd,=
1usk,6.40,refined,Kd,=
4d8z,6.29,refined,Kd,=
1i7z,6.40,refined,Kd,=
1pbq,6.27,refined,Ki,=
1d3p,7.39,refined,Kd,=
3hvj,8.70,refined,Ki,=
4y5d,5.92,refined,Kd,=
3fur,8.00,refined,Ki,=
1qft,8.77,refined,Kd,=
4dsu,2.82,refined,Kd,=
2aac,2.22,refined,Kd,=
3qfy,6.12,refined,Ki,=
4xip,6.63,refined,Ki,=
1k6p,7.36,refined,Kd,=
3ts4,8.72,refined,Ki,=
1fch,7.15,refined,Kd,=
1td7,4.37,refined,Kd,=
4app,7.19,refined,Ki,=
2afw,4.77,refined,Ki,=
1rp7,8.52,refined,Ki,=
2i3h,7.40,refined,Ki,=
1bhx,6.84,refined,Ki,=
4o61,4.30,refined,Kd,=
2q8z,5.68,refined,Ki,=
4zvi,6.33,refined,Kd,=
1k22,8.40,refined,Ki,=
4loh,6.96,refined,Kd,=
3t0x,8.00,refined,Kd,=
1nwl,2.39,refined,Ki,=
2jiw,4.59,refined,Ki,=
3aaq,3.30,refined,Ki,=
1elb,7.15,refined,Ki,=
1bm7,7.52,refined,Kd,=
4loo,8.15,refined,Kd,=
3lzu,10.06,refined,Kd,=
1hos,8.55,refined,Ki,=
2amt,4.44,refined,Kd,=
4z84,5.82,refined,Ki,=
4x8o,6.60,refined,Kd,=
2cgr,7.28,refined,Kd,=
1fh7,5.24,refined,Ki,=
1jsv,5.70,refined,Ki,=
4hwo,8.54,refined,Ki,=
4eky,3.52,refined,Ki,=
3lzz,3.84,refined,Kd,=
4ha5,7.24,refined,Ki,=
3t3u,8.60,refined,Ki,=
1u71,7.48,refined,Ki,=
4m8x,10.20,refined,Ki,=
2jew,6.69,refined,Ki,=
4j28,5.70,refined,Ki,=
4nh8,8.52,refined,Ki,=
4g95,7.61,refined,Ki,=
4ca8,6.68,refined,Ki,=
1xug,7.05,refined,Ki,=
4csd,5.91,refined,Kd,=
2fdp,7.59,refined,Ki,=
2z4o,9.57,refined,Ki,=
1mue,8.64,refined,Ki,=
4qy3,6.82,refined,Ki,=
3t82,7.00,refined,Ki,=
1km3,4.91,refined,Ki,=
4x3k,4.56,refined,Kd,=
3qto,4.13,refined,Ki,=
1c1u,8.25,refined,Ki,=
1ql7,5.00,refined,Kd,=
4l9i,4.89,refined,Kd,=
3lvw,2.67,refined,Ki,=
4agq,5.01,refined,Kd,=
4m2v,7.44,refined,Ki,=
2qrq,5.10,refined,Ki,=
3pcn,3.66,refined,Kd,=
4ish,8.72,refined,Ki,=
4fys,4.82,refined,Kd,=
3tu7,8.09,refined,Ki,=
3qps,5.60,refined,Kd,=
3hit,8.19,refined,Ki,=
1fkn,8.80,refined,Ki,=
2v58,9.09,refined,Kd,=
2uyn,2.70,refined,Kd,=
2rkg,8.09,refined,Ki,=
1hlk,5.00,refined,Ki,=
4zhm,8.05,refined,Ki,=
1gai,8.00,refined,Ki,=
1ftm,7.61,refined,Kd,=
4xir,6.94,refined,Ki,=
2hjb,4.39,refined,Kd,=
2isw,7.43,refined,Ki,=
4bi6,3.95,refined,Kd,=
2xm2,4.62,refined,Ki,=
4r5a,8.70,refined,Ki,=
1ohr,8.70,refined,Ki,=
1ndv,5.92,refined,Ki,=
3n0n,7.30,refined,Ki,=
4xar,6.97,refined,Ki,=
4fev,5.42,refined,Ki,=
4azg,7.10,refined,Kd,=
4azb,7.24,refined,Kd,=
2xii,7.20,refined,Kd,=
2f1g,7.54,refined,Ki,=
1gi1,5.47,refined,Ki,=
1b6j,7.92,refined,Ki,=
3po1,4.02,refined,Kd,=
4l19,6.10,refined,Ki,=
1hxw,10.82,refined,Ki,=
2wnj,6.48,refined,Kd,=
4ngn,7.55,refined,Ki,=
2e1w,7.96,refined,Ki,=
1phw,3.30,refined,Ki,=
1h2k,2.92,refined,Ki,=
3gbe,5.00,refined,Ki,=
4q4o,7.46,refined,Kd,=
1gja,5.42,refined,Ki,=
4qtl,6.92,refined,Kd,=
3iue,5.82,refined,Kd,=
2yfx,8.09,refined,Ki,=
4q83,4.19,refined,Ki,=
1t5f,4.22,refined,Ki,=
4f39,5.70,refined,Ki,=
4bao,8.37,refined,Ki,=
4k7n,3.48,refined,Kd,=
1wc1,4.00,refined,Ki,=
2fpz,3.96,refined,Ki,=
3u6i,9.00,refined,Ki,=
4gj3,8.85,refined,Ki,=
1os5,6.85,refined,Kd,=
1x38,8.77,refined,Ki,=
2vvc,8.52,refined,Ki,=
3p9m,5.00,refined,Kd,=
2v25,5.72,refined,Kd,=
4wk1,5.89,refined,Kd,=
1gjc,6.35,refined,Ki,=
4u70,5.02,refined,Ki,=
1m5w,4.27,refined,Kd,=
3tay,3.38,refined,Kd,=
4azi,7.45,refined,Kd,=
1nfw,8.96,refined,Ki,=
1ajx,7.91,refined,Ki,=
3qx9,4.05,refined,Kd,=
3ipq,7.57,refined,Ki,=
3w5n,3.87,refined,Kd,=
4muv,5.76,refined,Kd,=
3n2u,7.84,refined,Ki,=
4zba,5.51,refined,Kd,=
4ek9,4.42,refined,Ki,=
